raceId,year,round,circuitId,name,date,time_x,url_x,fp1_date,fp1_time,fp2_date,fp2_time,fp3_date,fp3_time,quali_date,quali_time,sprint_date,sprint_time,resultId,driverId,constructorId,number_x,grid,position,positionText,positionOrder,points,laps,time_y,milliseconds,fastestLap,rank,fastestLapTime,fastestLapSpeed,statusId,driverRef,number_y,code,forename,surname,dob,nationality,url_y,sprint_points,total_points,season_points
1052,2021,1,3,Bahrain Grand Prix,2021-03-28,15:00:00,http://en.wikipedia.org/wiki/2021_Bahrain_Grand_Prix,2021-03-26,\N,2021-03-26,\N,2021-03-27,\N,2021-03-27,\N,\N,\N,24967,830,9,33,1,2,2,2,18.0,56,+0.745,5524642,41,2,1:33.228,208.984,1,max_verstappen,33,VER,Max,Verstappen,1997-09-30,Dutch,http://en.wikipedia.org/wiki/Max_Verstappen,0.0,18.0,18.0
1053,2021,2,21,Emilia Romagna Grand Prix,2021-04-18,13:00:00,http://en.wikipedia.org/wiki/2021_Emilia_Romagna_Grand_Prix,2021-04-16,\N,2021-04-16,\N,2021-04-17,\N,2021-04-17,\N,\N,\N,24986,830,9,33,3,1,1,1,25.0,63,2:02:34.598,7354598,60,2,1:17.524,227.960,1,max_verstappen,33,VER,Max,Verstappen,1997-09-30,Dutch,http://en.wikipedia.org/wiki/Max_Verstappen,0.0,25.0,43.0
1054,2021,3,75,Portuguese Grand Prix,2021-05-02,14:00:00,http://en.wikipedia.org/wiki/2021_Portuguese_Grand_Prix,2021-04-30,\N,2021-04-30,\N,2021-05-01,\N,2021-05-01,\N,\N,\N,25007,830,9,33,3,2,2,2,18.0,66,+29.148,5700569,62,3,1:20.695,207.581,1,max_verstappen,33,VER,Max,Verstappen,1997-09-30,Dutch,http://en.wikipedia.org/wiki/Max_Verstappen,0.0,18.0,61.0
1055,2021,4,4,Spanish Grand Prix,2021-05-09,13:00:00,http://en.wikipedia.org/wiki/2021_Spanish_Grand_Prix,2021-05-07,\N,2021-05-07,\N,2021-05-08,\N,2021-05-08,\N,\N,\N,25027,830,9,33,2,2,2,2,19.0,66,+15.841,5603521,62,1,1:18.149,215.357,1,max_verstappen,33,VER,Max,Verstappen,1997-09-30,Dutch,http://en.wikipedia.org/wiki/Max_Verstappen,0.0,19.0,80.0
1056,2021,5,6,Monaco Grand Prix,2021-05-23,13:00:00,http://en.wikipedia.org/wiki/2021_Monaco_Grand_Prix,2021-05-21,\N,2021-05-21,\N,2021-05-22,\N,2021-05-22,\N,\N,\N,25046,830,9,33,2,1,1,1,25.0,78,1:38:56.820,5936820,58,6,1:14.649,160.929,1,max_verstappen,33,VER,Max,Verstappen,1997-09-30,Dutch,http://en.wikipedia.org/wiki/Max_Verstappen,0.0,25.0,105.0
1057,2021,6,73,Azerbaijan Grand Prix,2021-06-06,12:00:00,http://en.wikipedia.org/wiki/2021_Azerbaijan_Grand_Prix,2021-06-04,\N,2021-06-04,\N,2021-06-05,\N,2021-06-05,\N,\N,\N,25083,830,9,33,3,\N,R,18,0.0,45,\N,\N,44,1,1:44.481,206.839,3,max_verstappen,33,VER,Max,Verstappen,1997-09-30,Dutch,http://en.wikipedia.org/wiki/Max_Verstappen,0.0,0.0,105.0
1059,2021,7,34,French Grand Prix,2021-06-20,13:00:00,http://en.wikipedia.org/wiki/2021_French_Grand_Prix,2021-06-18,\N,2021-06-18,\N,2021-06-19,\N,2021-06-19,\N,\N,\N,25086,830,9,33,1,1,1,1,26.0,53,1:27:25.770,5245770,35,1,1:36.404,218.156,1,max_verstappen,33,VER,Max,Verstappen,1997-09-30,Dutch,http://en.wikipedia.org/wiki/Max_Verstappen,0.0,26.0,131.0
1058,2021,8,70,Styrian Grand Prix,2021-06-27,13:00:00,http://en.wikipedia.org/wiki/2021_Styrian_Grand_Prix,2021-06-25,\N,2021-06-25,\N,2021-06-26,\N,2021-06-26,\N,\N,\N,25106,830,9,33,1,1,1,1,25.0,71,1:22:18.925,4938925,68,3,1:08.017,228.542,1,max_verstappen,33,VER,Max,Verstappen,1997-09-30,Dutch,http://en.wikipedia.org/wiki/Max_Verstappen,0.0,25.0,156.0
1060,2021,9,70,Austrian Grand Prix,2021-07-04,13:00:00,http://en.wikipedia.org/wiki/2021_Austrian_Grand_Prix,2021-07-02,\N,2021-07-02,\N,2021-07-03,\N,2021-07-03,\N,\N,\N,25126,830,9,33,1,1,1,1,26.0,71,1:23:54.543,5034543,62,1,1:06.200,234.815,1,max_verstappen,33,VER,Max,Verstappen,1997-09-30,Dutch,http://en.wikipedia.org/wiki/Max_Verstappen,0.0,26.0,182.0
1061,2021,10,9,British Grand Prix,2021-07-18,14:00:00,http://en.wikipedia.org/wiki/2021_British_Grand_Prix,2021-07-16,\N,2021-07-17,\N,\N,\N,2021-07-16,\N,2021-07-17,\N,25165,830,9,33,1,\N,R,20,0.0,0,\N,\N,\N,0,\N,\N,4,max_verstappen,33,VER,Max,Verstappen,1997-09-30,Dutch,http://en.wikipedia.org/wiki/Max_Verstappen,3.0,3.0,182.0
1062,2021,11,11,Hungarian Grand Prix,2021-08-01,13:00:00,http://en.wikipedia.org/wiki/2021_Hungarian_Grand_Prix,2021-07-30,\N,2021-07-30,\N,2021-07-31,\N,2021-07-31,\N,\N,\N,25174,830,9,33,3,9,9,9,2.0,70,+1:20.244,7563443,43,4,1:20.945,194.843,1,max_verstappen,33,VER,Max,Verstappen,1997-09-30,Dutch,http://en.wikipedia.org/wiki/Max_Verstappen,0.0,2.0,184.0
1063,2021,12,13,Belgian Grand Prix,2021-08-29,13:00:00,http://en.wikipedia.org/wiki/2021_Belgian_Grand_Prix,2021-08-27,\N,2021-08-27,\N,2021-08-28,\N,2021-08-28,\N,\N,\N,25186,830,9,33,1,1,1,1,12.5,1,3:27.071,207071,\N,0,\N,\N,1,max_verstappen,33,VER,Max,Verstappen,1997-09-30,Dutch,http://en.wikipedia.org/wiki/Max_Verstappen,0.0,12.5,196.5
1064,2021,13,39,Dutch Grand Prix,2021-09-05,13:00:00,http://en.wikipedia.org/wiki/2021_Dutch_Grand_Prix,2021-09-03,\N,2021-09-03,\N,2021-09-04,\N,2021-09-04,\N,\N,\N,25206,830,9,33,1,1,1,1,25.0,72,1:30:05.395,5405395,60,3,1:13.275,209.244,1,max_verstappen,33,VER,Max,Verstappen,1997-09-30,Dutch,http://en.wikipedia.org/wiki/Max_Verstappen,0.0,25.0,221.5
1065,2021,14,14,Italian Grand Prix,2021-09-12,13:00:00,http://en.wikipedia.org/wiki/2021_Italian_Grand_Prix,2021-09-10,\N,2021-09-11,\N,\N,\N,2021-09-10,\N,2021-09-11,\N,25243,830,9,33,1,\N,R,18,0.0,25,\N,\N,25,5,1:25.173,244.852,4,max_verstappen,33,VER,Max,Verstappen,1997-09-30,Dutch,http://en.wikipedia.org/wiki/Max_Verstappen,2.0,2.0,221.5
1066,2021,15,71,Russian Grand Prix,2021-09-26,12:00:00,http://en.wikipedia.org/wiki/2021_Russian_Grand_Prix,2021-09-24,\N,2021-09-24,\N,2021-09-25,\N,2021-09-25,\N,\N,\N,25247,830,9,33,20,2,2,2,18.0,53,+53.271,5494272,28,5,1:38.396,213.959,1,max_verstappen,33,VER,Max,Verstappen,1997-09-30,Dutch,http://en.wikipedia.org/wiki/Max_Verstappen,0.0,18.0,239.5
1067,2021,16,5,Turkish Grand Prix,2021-10-10,12:00:00,http://en.wikipedia.org/wiki/2021_Turkish_Grand_Prix,2021-10-08,\N,2021-10-08,\N,2021-10-09,\N,2021-10-09,\N,\N,\N,25267,830,9,33,2,2,2,2,18.0,58,+14.584,5478687,53,9,1:32.759,207.169,1,max_verstappen,33,VER,Max,Verstappen,1997-09-30,Dutch,http://en.wikipedia.org/wiki/Max_Verstappen,0.0,18.0,257.5
1069,2021,17,69,United States Grand Prix,2021-10-24,19:00:00,http://en.wikipedia.org/wiki/2021_United_States_Grand_Prix,2021-10-22,\N,2021-10-22,\N,2021-10-23,\N,2021-10-23,\N,\N,\N,25286,830,9,33,1,1,1,1,25.0,56,1:34:36.552,5676552,52,2,1:39.096,200.278,1,max_verstappen,33,VER,Max,Verstappen,1997-09-30,Dutch,http://en.wikipedia.org/wiki/Max_Verstappen,0.0,25.0,282.5
1070,2021,18,32,Mexico City Grand Prix,2021-11-07,19:00:00,http://en.wikipedia.org/wiki/2021_Mexican_Grand_Prix,2021-11-05,\N,2021-11-05,\N,2021-11-06,\N,2021-11-06,\N,\N,\N,25306,830,9,33,3,1,1,1,25.0,71,1:38:39.086,5919086,52,2,1:18.999,196.134,1,max_verstappen,33,VER,Max,Verstappen,1997-09-30,Dutch,http://en.wikipedia.org/wiki/Max_Verstappen,0.0,25.0,307.5
1071,2021,19,18,São Paulo Grand Prix,2021-11-14,17:00:00,http://en.wikipedia.org/wiki/2021_S%C3%A3o_Paulo_Grand_Prix,2021-11-12,\N,2021-11-13,\N,\N,\N,2021-11-12,\N,2021-11-13,\N,25327,830,9,33,2,2,2,2,18.0,71,+10.496,5553347,47,3,1:12.486,214.005,1,max_verstappen,33,VER,Max,Verstappen,1997-09-30,Dutch,http://en.wikipedia.org/wiki/Max_Verstappen,2.0,20.0,325.5
1051,2021,20,78,Qatar Grand Prix,2021-11-21,14:00:00,http://en.wikipedia.org/wiki/2021_Qatar_Grand_Prix,2021-11-19,\N,2021-11-19,\N,2021-11-20,\N,2021-11-20,\N,\N,\N,25347,830,9,33,7,2,2,2,19.0,57,+25.743,5094214,57,1,1:23.196,232.799,1,max_verstappen,33,VER,Max,Verstappen,1997-09-30,Dutch,http://en.wikipedia.org/wiki/Max_Verstappen,0.0,19.0,344.5
1072,2021,21,77,Saudi Arabian Grand Prix,2021-12-05,17:30:00,http://en.wikipedia.org/wiki/2021_Saudi_Arabian_Grand_Prix,2021-12-03,\N,2021-12-03,\N,2021-12-04,\N,2021-12-04,\N,\N,\N,25367,830,9,33,3,2,2,2,18.0,50,+11.825,7586943,35,3,1:31.488,242.943,1,max_verstappen,33,VER,Max,Verstappen,1997-09-30,Dutch,http://en.wikipedia.org/wiki/Max_Verstappen,0.0,18.0,362.5
1073,2021,22,24,Abu Dhabi Grand Prix,2021-12-12,13:00:00,http://en.wikipedia.org/wiki/2021_Abu_Dhabi_Grand_Prix,2021-12-10,\N,2021-12-10,\N,2021-12-11,\N,2021-12-11,\N,\N,\N,25386,830,9,33,1,1,1,1,26.0,58,1:30:17.345,5417345,39,1,1:26.103,220.800,1,max_verstappen,33,VER,Max,Verstappen,1997-09-30,Dutch,http://en.wikipedia.org/wiki/Max_Verstappen,0.0,26.0,388.5
1052,2021,1,3,Bahrain Grand Prix,2021-03-28,15:00:00,http://en.wikipedia.org/wiki/2021_Bahrain_Grand_Prix,2021-03-26,\N,2021-03-26,\N,2021-03-27,\N,2021-03-27,\N,\N,\N,24966,1,131,44,2,1,1,1,25.0,56,1:32:03.897,5523897,44,4,1:34.015,207.235,1,hamilton,44,HAM,Lewis,Hamilton,1985-01-07,British,http://en.wikipedia.org/wiki/Lewis_Hamilton,0.0,25.0,25.0
1053,2021,2,21,Emilia Romagna Grand Prix,2021-04-18,13:00:00,http://en.wikipedia.org/wiki/2021_Emilia_Romagna_Grand_Prix,2021-04-16,\N,2021-04-16,\N,2021-04-17,\N,2021-04-17,\N,\N,\N,24987,1,131,44,1,2,2,2,19.0,63,+22.000,7376598,60,1,1:16.702,230.403,1,hamilton,44,HAM,Lewis,Hamilton,1985-01-07,British,http://en.wikipedia.org/wiki/Lewis_Hamilton,0.0,19.0,44.0
1054,2021,3,75,Portuguese Grand Prix,2021-05-02,14:00:00,http://en.wikipedia.org/wiki/2021_Portuguese_Grand_Prix,2021-04-30,\N,2021-04-30,\N,2021-05-01,\N,2021-05-01,\N,\N,\N,25006,1,131,44,2,1,1,1,25.0,66,1:34:31.421,5671421,47,4,1:20.933,206.971,1,hamilton,44,HAM,Lewis,Hamilton,1985-01-07,British,http://en.wikipedia.org/wiki/Lewis_Hamilton,0.0,25.0,69.0
1055,2021,4,4,Spanish Grand Prix,2021-05-09,13:00:00,http://en.wikipedia.org/wiki/2021_Spanish_Grand_Prix,2021-05-07,\N,2021-05-07,\N,2021-05-08,\N,2021-05-08,\N,\N,\N,25026,1,131,44,1,1,1,1,25.0,66,1:33:07.680,5587680,54,5,1:20.665,208.640,1,hamilton,44,HAM,Lewis,Hamilton,1985-01-07,British,http://en.wikipedia.org/wiki/Lewis_Hamilton,0.0,25.0,94.0
1056,2021,5,6,Monaco Grand Prix,2021-05-23,13:00:00,http://en.wikipedia.org/wiki/2021_Monaco_Grand_Prix,2021-05-21,\N,2021-05-21,\N,2021-05-22,\N,2021-05-22,\N,\N,\N,25052,1,131,44,7,7,7,7,7.0,78,+1:08.231,6005051,69,1,1:12.909,164.769,1,hamilton,44,HAM,Lewis,Hamilton,1985-01-07,British,http://en.wikipedia.org/wiki/Lewis_Hamilton,0.0,7.0,101.0
1057,2021,6,73,Azerbaijan Grand Prix,2021-06-06,12:00:00,http://en.wikipedia.org/wiki/2021_Azerbaijan_Grand_Prix,2021-06-04,\N,2021-06-04,\N,2021-06-05,\N,2021-06-05,\N,\N,\N,25080,1,131,44,2,15,15,15,0.0,51,+17.668,8034078,43,3,1:44.769,206.270,1,hamilton,44,HAM,Lewis,Hamilton,1985-01-07,British,http://en.wikipedia.org/wiki/Lewis_Hamilton,0.0,0.0,101.0
1059,2021,7,34,French Grand Prix,2021-06-20,13:00:00,http://en.wikipedia.org/wiki/2021_French_Grand_Prix,2021-06-18,\N,2021-06-18,\N,2021-06-19,\N,2021-06-19,\N,\N,\N,25087,1,131,44,2,2,2,2,18.0,53,+2.904,5248674,44,5,1:37.410,215.903,1,hamilton,44,HAM,Lewis,Hamilton,1985-01-07,British,http://en.wikipedia.org/wiki/Lewis_Hamilton,0.0,18.0,119.0
1058,2021,8,70,Styrian Grand Prix,2021-06-27,13:00:00,http://en.wikipedia.org/wiki/2021_Styrian_Grand_Prix,2021-06-25,\N,2021-06-25,\N,2021-06-26,\N,2021-06-26,\N,\N,\N,25107,1,131,44,2,2,2,2,19.0,71,+35.743,4974668,71,1,1:07.058,231.811,1,hamilton,44,HAM,Lewis,Hamilton,1985-01-07,British,http://en.wikipedia.org/wiki/Lewis_Hamilton,0.0,19.0,138.0
1060,2021,9,70,Austrian Grand Prix,2021-07-04,13:00:00,http://en.wikipedia.org/wiki/2021_Austrian_Grand_Prix,2021-07-02,\N,2021-07-02,\N,2021-07-03,\N,2021-07-03,\N,\N,\N,25129,1,131,44,4,4,4,4,12.0,71,+46.452,5080995,55,3,1:08.126,228.177,1,hamilton,44,HAM,Lewis,Hamilton,1985-01-07,British,http://en.wikipedia.org/wiki/Lewis_Hamilton,0.0,12.0,150.0
1061,2021,10,9,British Grand Prix,2021-07-18,14:00:00,http://en.wikipedia.org/wiki/2021_British_Grand_Prix,2021-07-16,\N,2021-07-17,\N,\N,\N,2021-07-16,\N,2021-07-17,\N,25146,1,131,44,2,1,1,1,25.0,52,1:58:23.284,7103284,45,2,1:29.699,236.430,1,hamilton,44,HAM,Lewis,Hamilton,1985-01-07,British,http://en.wikipedia.org/wiki/Lewis_Hamilton,2.0,27.0,175.0
1062,2021,11,11,Hungarian Grand Prix,2021-08-01,13:00:00,http://en.wikipedia.org/wiki/2021_Hungarian_Grand_Prix,2021-07-30,\N,2021-07-30,\N,2021-07-31,\N,2021-07-31,\N,\N,\N,25167,1,131,44,1,2,2,2,18.0,70,+2.736,7485935,49,2,1:18.715,200.363,1,hamilton,44,HAM,Lewis,Hamilton,1985-01-07,British,http://en.wikipedia.org/wiki/Lewis_Hamilton,0.0,18.0,193.0
1063,2021,12,13,Belgian Grand Prix,2021-08-29,13:00:00,http://en.wikipedia.org/wiki/2021_Belgian_Grand_Prix,2021-08-27,\N,2021-08-27,\N,2021-08-28,\N,2021-08-28,\N,\N,\N,25188,1,131,44,3,3,3,3,7.5,1,+2.601,209672,\N,0,\N,\N,1,hamilton,44,HAM,Lewis,Hamilton,1985-01-07,British,http://en.wikipedia.org/wiki/Lewis_Hamilton,0.0,7.5,200.5
1064,2021,13,39,Dutch Grand Prix,2021-09-05,13:00:00,http://en.wikipedia.org/wiki/2021_Dutch_Grand_Prix,2021-09-03,\N,2021-09-03,\N,2021-09-04,\N,2021-09-04,\N,\N,\N,25207,1,131,44,2,2,2,2,19.0,72,+20.932,5426327,72,1,1:11.097,215.654,1,hamilton,44,HAM,Lewis,Hamilton,1985-01-07,British,http://en.wikipedia.org/wiki/Lewis_Hamilton,0.0,19.0,219.5
1065,2021,14,14,Italian Grand Prix,2021-09-12,13:00:00,http://en.wikipedia.org/wiki/2021_Italian_Grand_Prix,2021-09-10,\N,2021-09-11,\N,\N,\N,2021-09-10,\N,2021-09-11,\N,25242,1,131,44,4,\N,R,17,0.0,25,\N,\N,3,14,1:25.870,242.864,4,hamilton,44,HAM,Lewis,Hamilton,1985-01-07,British,http://en.wikipedia.org/wiki/Lewis_Hamilton,0.0,0.0,219.5
1066,2021,15,71,Russian Grand Prix,2021-09-26,12:00:00,http://en.wikipedia.org/wiki/2021_Russian_Grand_Prix,2021-09-24,\N,2021-09-24,\N,2021-09-25,\N,2021-09-25,\N,\N,\N,25246,1,131,44,4,1,1,1,25.0,53,1:30:41.001,5441001,43,2,1:37.575,215.760,1,hamilton,44,HAM,Lewis,Hamilton,1985-01-07,British,http://en.wikipedia.org/wiki/Lewis_Hamilton,0.0,25.0,244.5
1067,2021,16,5,Turkish Grand Prix,2021-10-10,12:00:00,http://en.wikipedia.org/wiki/2021_Turkish_Grand_Prix,2021-10-08,\N,2021-10-08,\N,2021-10-09,\N,2021-10-09,\N,\N,\N,25270,1,131,44,11,5,5,5,10.0,58,+41.812,5505915,52,10,1:32.763,207.160,1,hamilton,44,HAM,Lewis,Hamilton,1985-01-07,British,http://en.wikipedia.org/wiki/Lewis_Hamilton,0.0,10.0,254.5
1069,2021,17,69,United States Grand Prix,2021-10-24,19:00:00,http://en.wikipedia.org/wiki/2021_United_States_Grand_Prix,2021-10-22,\N,2021-10-22,\N,2021-10-23,\N,2021-10-23,\N,\N,\N,25287,1,131,44,2,2,2,2,19.0,56,+1.333,5677885,41,1,1:38.485,201.521,1,hamilton,44,HAM,Lewis,Hamilton,1985-01-07,British,http://en.wikipedia.org/wiki/Lewis_Hamilton,0.0,19.0,273.5
1070,2021,18,32,Mexico City Grand Prix,2021-11-07,19:00:00,http://en.wikipedia.org/wiki/2021_Mexican_Grand_Prix,2021-11-05,\N,2021-11-05,\N,2021-11-06,\N,2021-11-06,\N,\N,\N,25307,1,131,44,2,2,2,2,18.0,71,+16.555,5935641,66,4,1:19.820,194.116,1,hamilton,44,HAM,Lewis,Hamilton,1985-01-07,British,http://en.wikipedia.org/wiki/Lewis_Hamilton,0.0,18.0,291.5
1071,2021,19,18,São Paulo Grand Prix,2021-11-14,17:00:00,http://en.wikipedia.org/wiki/2021_S%C3%A3o_Paulo_Grand_Prix,2021-11-12,\N,2021-11-13,\N,\N,\N,2021-11-12,\N,2021-11-13,\N,25326,1,131,44,10,1,1,1,25.0,71,1:32:22.851,5542851,46,2,1:11.982,215.503,1,hamilton,44,HAM,Lewis,Hamilton,1985-01-07,British,http://en.wikipedia.org/wiki/Lewis_Hamilton,0.0,25.0,316.5
1051,2021,20,78,Qatar Grand Prix,2021-11-21,14:00:00,http://en.wikipedia.org/wiki/2021_Qatar_Grand_Prix,2021-11-19,\N,2021-11-19,\N,2021-11-20,\N,2021-11-20,\N,\N,\N,25346,1,131,44,1,1,1,1,25.0,57,1:24:28.471,5068471,50,2,1:25.084,227.633,1,hamilton,44,HAM,Lewis,Hamilton,1985-01-07,British,http://en.wikipedia.org/wiki/Lewis_Hamilton,0.0,25.0,341.5
1072,2021,21,77,Saudi Arabian Grand Prix,2021-12-05,17:30:00,http://en.wikipedia.org/wiki/2021_Saudi_Arabian_Grand_Prix,2021-12-03,\N,2021-12-03,\N,2021-12-04,\N,2021-12-04,\N,\N,\N,25366,1,131,44,1,1,1,1,26.0,50,2:06:15.118,7575118,47,1,1:30.734,244.962,1,hamilton,44,HAM,Lewis,Hamilton,1985-01-07,British,http://en.wikipedia.org/wiki/Lewis_Hamilton,0.0,26.0,367.5
1073,2021,22,24,Abu Dhabi Grand Prix,2021-12-12,13:00:00,http://en.wikipedia.org/wiki/2021_Abu_Dhabi_Grand_Prix,2021-12-10,\N,2021-12-10,\N,2021-12-11,\N,2021-12-11,\N,\N,\N,25387,1,131,44,2,2,2,2,18.0,58,+2.256,5419601,43,3,1:26.615,219.495,1,hamilton,44,HAM,Lewis,Hamilton,1985-01-07,British,http://en.wikipedia.org/wiki/Lewis_Hamilton,0.0,18.0,385.5
1052,2021,1,3,Bahrain Grand Prix,2021-03-28,15:00:00,http://en.wikipedia.org/wiki/2021_Bahrain_Grand_Prix,2021-03-26,\N,2021-03-26,\N,2021-03-27,\N,2021-03-27,\N,\N,\N,24968,822,131,77,3,3,3,3,16.0,56,+37.383,5561280,56,1,1:32.090,211.566,1,bottas,77,BOT,Valtteri,Bottas,1989-08-28,Finnish,http://en.wikipedia.org/wiki/Valtteri_Bottas,0.0,16.0,16.0
1053,2021,2,21,Emilia Romagna Grand Prix,2021-04-18,13:00:00,http://en.wikipedia.org/wiki/2021_Emilia_Romagna_Grand_Prix,2021-04-16,\N,2021-04-16,\N,2021-04-17,\N,2021-04-17,\N,\N,\N,25003,822,131,77,8,\N,R,18,0.0,30,\N,\N,30,19,1:28.485,199.721,4,bottas,77,BOT,Valtteri,Bottas,1989-08-28,Finnish,http://en.wikipedia.org/wiki/Valtteri_Bottas,0.0,0.0,16.0
1054,2021,3,75,Portuguese Grand Prix,2021-05-02,14:00:00,http://en.wikipedia.org/wiki/2021_Portuguese_Grand_Prix,2021-04-30,\N,2021-04-30,\N,2021-05-01,\N,2021-05-01,\N,\N,\N,25008,822,131,77,1,3,3,3,16.0,66,+33.530,5704951,65,1,1:19.865,209.738,1,bottas,77,BOT,Valtteri,Bottas,1989-08-28,Finnish,http://en.wikipedia.org/wiki/Valtteri_Bottas,0.0,16.0,32.0
1055,2021,4,4,Spanish Grand Prix,2021-05-09,13:00:00,http://en.wikipedia.org/wiki/2021_Spanish_Grand_Prix,2021-05-07,\N,2021-05-07,\N,2021-05-08,\N,2021-05-08,\N,\N,\N,25028,822,131,77,3,3,3,3,15.0,66,+26.610,5614290,65,2,1:19.430,211.884,1,bottas,77,BOT,Valtteri,Bottas,1989-08-28,Finnish,http://en.wikipedia.org/wiki/Valtteri_Bottas,0.0,15.0,47.0
1056,2021,5,6,Monaco Grand Prix,2021-05-23,13:00:00,http://en.wikipedia.org/wiki/2021_Monaco_Grand_Prix,2021-05-21,\N,2021-05-21,\N,2021-05-22,\N,2021-05-22,\N,\N,\N,25064,822,131,77,3,\N,R,19,0.0,29,\N,\N,18,17,1:15.706,158.682,61,bottas,77,BOT,Valtteri,Bottas,1989-08-28,Finnish,http://en.wikipedia.org/wiki/Valtteri_Bottas,0.0,0.0,47.0
1057,2021,6,73,Azerbaijan Grand Prix,2021-06-06,12:00:00,http://en.wikipedia.org/wiki/2021_Azerbaijan_Grand_Prix,2021-06-04,\N,2021-06-04,\N,2021-06-05,\N,2021-06-05,\N,\N,\N,25077,822,131,77,10,12,12,12,0.0,51,+11.264,8027674,43,12,1:45.665,204.521,1,bottas,77,BOT,Valtteri,Bottas,1989-08-28,Finnish,http://en.wikipedia.org/wiki/Valtteri_Bottas,0.0,0.0,47.0
1059,2021,7,34,French Grand Prix,2021-06-20,13:00:00,http://en.wikipedia.org/wiki/2021_French_Grand_Prix,2021-06-18,\N,2021-06-18,\N,2021-06-19,\N,2021-06-19,\N,\N,\N,25089,822,131,77,3,4,4,4,12.0,53,+14.618,5260388,19,3,1:36.960,216.905,1,bottas,77,BOT,Valtteri,Bottas,1989-08-28,Finnish,http://en.wikipedia.org/wiki/Valtteri_Bottas,0.0,12.0,59.0
1058,2021,8,70,Styrian Grand Prix,2021-06-27,13:00:00,http://en.wikipedia.org/wiki/2021_Styrian_Grand_Prix,2021-06-25,\N,2021-06-25,\N,2021-06-26,\N,2021-06-26,\N,\N,\N,25108,822,131,77,5,3,3,3,15.0,71,+46.907,4985832,43,5,1:08.619,226.537,1,bottas,77,BOT,Valtteri,Bottas,1989-08-28,Finnish,http://en.wikipedia.org/wiki/Valtteri_Bottas,0.0,15.0,74.0
1060,2021,9,70,Austrian Grand Prix,2021-07-04,13:00:00,http://en.wikipedia.org/wiki/2021_Austrian_Grand_Prix,2021-07-02,\N,2021-07-02,\N,2021-07-03,\N,2021-07-03,\N,\N,\N,25127,822,131,77,5,2,2,2,18.0,71,+17.973,5052516,52,6,1:08.374,227.349,1,bottas,77,BOT,Valtteri,Bottas,1989-08-28,Finnish,http://en.wikipedia.org/wiki/Valtteri_Bottas,0.0,18.0,92.0
1061,2021,10,9,British Grand Prix,2021-07-18,14:00:00,http://en.wikipedia.org/wiki/2021_British_Grand_Prix,2021-07-16,\N,2021-07-17,\N,\N,\N,2021-07-16,\N,2021-07-17,\N,25148,822,131,77,3,3,3,3,15.0,52,+11.125,7114409,45,4,1:30.524,234.275,1,bottas,77,BOT,Valtteri,Bottas,1989-08-28,Finnish,http://en.wikipedia.org/wiki/Valtteri_Bottas,1.0,16.0,107.0
1062,2021,11,11,Hungarian Grand Prix,2021-08-01,13:00:00,http://en.wikipedia.org/wiki/2021_Hungarian_Grand_Prix,2021-07-30,\N,2021-07-30,\N,2021-07-31,\N,2021-07-31,\N,\N,\N,25181,822,131,77,2,\N,R,16,0.0,0,\N,\N,\N,0,\N,\N,4,bottas,77,BOT,Valtteri,Bottas,1989-08-28,Finnish,http://en.wikipedia.org/wiki/Valtteri_Bottas,0.0,0.0,107.0
1063,2021,12,13,Belgian Grand Prix,2021-08-29,13:00:00,http://en.wikipedia.org/wiki/2021_Belgian_Grand_Prix,2021-08-27,\N,2021-08-27,\N,2021-08-28,\N,2021-08-28,\N,\N,\N,25197,822,131,77,13,12,12,12,0.0,1,+22.414,229485,\N,0,\N,\N,1,bottas,77,BOT,Valtteri,Bottas,1989-08-28,Finnish,http://en.wikipedia.org/wiki/Valtteri_Bottas,0.0,0.0,107.0
1064,2021,13,39,Dutch Grand Prix,2021-09-05,13:00:00,http://en.wikipedia.org/wiki/2021_Dutch_Grand_Prix,2021-09-03,\N,2021-09-03,\N,2021-09-04,\N,2021-09-04,\N,\N,\N,25208,822,131,77,3,3,3,3,15.0,72,+56.460,5461855,69,2,1:12.549,211.338,1,bottas,77,BOT,Valtteri,Bottas,1989-08-28,Finnish,http://en.wikipedia.org/wiki/Valtteri_Bottas,0.0,15.0,122.0
1065,2021,14,14,Italian Grand Prix,2021-09-12,13:00:00,http://en.wikipedia.org/wiki/2021_Italian_Grand_Prix,2021-09-10,\N,2021-09-11,\N,\N,\N,2021-09-10,\N,2021-09-11,\N,25228,822,131,77,19,3,3,3,15.0,53,+4.921,4919286,34,2,1:24.827,245.850,1,bottas,77,BOT,Valtteri,Bottas,1989-08-28,Finnish,http://en.wikipedia.org/wiki/Valtteri_Bottas,3.0,18.0,137.0
1066,2021,15,71,Russian Grand Prix,2021-09-26,12:00:00,http://en.wikipedia.org/wiki/2021_Russian_Grand_Prix,2021-09-24,\N,2021-09-24,\N,2021-09-25,\N,2021-09-25,\N,\N,\N,25250,822,131,77,16,5,5,5,10.0,53,+1:07.533,5508534,31,3,1:38.216,214.352,1,bottas,77,BOT,Valtteri,Bottas,1989-08-28,Finnish,http://en.wikipedia.org/wiki/Valtteri_Bottas,0.0,10.0,147.0
1067,2021,16,5,Turkish Grand Prix,2021-10-10,12:00:00,http://en.wikipedia.org/wiki/2021_Turkish_Grand_Prix,2021-10-08,\N,2021-10-08,\N,2021-10-09,\N,2021-10-09,\N,\N,\N,25266,822,131,77,1,1,1,1,26.0,58,1:31:04.103,5464103,58,1,1:30.432,212.500,1,bottas,77,BOT,Valtteri,Bottas,1989-08-28,Finnish,http://en.wikipedia.org/wiki/Valtteri_Bottas,0.0,26.0,173.0
1069,2021,17,69,United States Grand Prix,2021-10-24,19:00:00,http://en.wikipedia.org/wiki/2021_United_States_Grand_Prix,2021-10-22,\N,2021-10-22,\N,2021-10-23,\N,2021-10-23,\N,\N,\N,25291,822,131,77,9,6,6,6,8.0,56,+1:20.128,5756680,41,6,1:40.147,198.176,1,bottas,77,BOT,Valtteri,Bottas,1989-08-28,Finnish,http://en.wikipedia.org/wiki/Valtteri_Bottas,0.0,8.0,181.0
1070,2021,18,32,Mexico City Grand Prix,2021-11-07,19:00:00,http://en.wikipedia.org/wiki/2021_Mexican_Grand_Prix,2021-11-05,\N,2021-11-05,\N,2021-11-06,\N,2021-11-06,\N,\N,\N,25320,822,131,77,1,15,15,15,0.0,69,\N,\N,69,1,1:17.774,199.223,12,bottas,77,BOT,Valtteri,Bottas,1989-08-28,Finnish,http://en.wikipedia.org/wiki/Valtteri_Bottas,0.0,0.0,181.0
1071,2021,19,18,São Paulo Grand Prix,2021-11-14,17:00:00,http://en.wikipedia.org/wiki/2021_S%C3%A3o_Paulo_Grand_Prix,2021-11-12,\N,2021-11-13,\N,\N,\N,2021-11-12,\N,2021-11-13,\N,25328,822,131,77,1,3,3,3,15.0,71,+13.576,5556427,49,4,1:12.526,213.887,1,bottas,77,BOT,Valtteri,Bottas,1989-08-28,Finnish,http://en.wikipedia.org/wiki/Valtteri_Bottas,3.0,18.0,196.0
1051,2021,20,78,Qatar Grand Prix,2021-11-21,14:00:00,http://en.wikipedia.org/wiki/2021_Qatar_Grand_Prix,2021-11-19,\N,2021-11-19,\N,2021-11-20,\N,2021-11-20,\N,\N,\N,25365,822,131,77,6,\N,R,20,0.0,48,\N,\N,39,15,1:27.246,221.992,137,bottas,77,BOT,Valtteri,Bottas,1989-08-28,Finnish,http://en.wikipedia.org/wiki/Valtteri_Bottas,0.0,0.0,196.0
1072,2021,21,77,Saudi Arabian Grand Prix,2021-12-05,17:30:00,http://en.wikipedia.org/wiki/2021_Saudi_Arabian_Grand_Prix,2021-12-03,\N,2021-12-03,\N,2021-12-04,\N,2021-12-04,\N,\N,\N,25368,822,131,77,2,3,3,3,15.0,50,+27.531,7602649,47,2,1:31.408,243.155,1,bottas,77,BOT,Valtteri,Bottas,1989-08-28,Finnish,http://en.wikipedia.org/wiki/Valtteri_Bottas,0.0,15.0,211.0
1073,2021,22,24,Abu Dhabi Grand Prix,2021-12-12,13:00:00,http://en.wikipedia.org/wiki/2021_Abu_Dhabi_Grand_Prix,2021-12-10,\N,2021-12-10,\N,2021-12-11,\N,2021-12-11,\N,\N,\N,25391,822,131,77,6,6,6,6,8.0,58,+7.463,5424808,51,5,1:26.862,218.871,1,bottas,77,BOT,Valtteri,Bottas,1989-08-28,Finnish,http://en.wikipedia.org/wiki/Valtteri_Bottas,0.0,8.0,219.0
1052,2021,1,3,Bahrain Grand Prix,2021-03-28,15:00:00,http://en.wikipedia.org/wiki/2021_Bahrain_Grand_Prix,2021-03-26,\N,2021-03-26,\N,2021-03-27,\N,2021-03-27,\N,\N,\N,24970,815,9,11,0,5,5,5,10.0,56,+52.047,5575944,44,3,1:33.970,207.334,1,perez,11,PER,Sergio,Pérez,1990-01-26,Mexican,http://en.wikipedia.org/wiki/Sergio_P%C3%A9rez,0.0,10.0,10.0
1053,2021,2,21,Emilia Romagna Grand Prix,2021-04-18,13:00:00,http://en.wikipedia.org/wiki/2021_Emilia_Romagna_Grand_Prix,2021-04-16,\N,2021-04-16,\N,2021-04-17,\N,2021-04-17,\N,\N,\N,24996,815,9,11,2,11,11,11,0.0,63,+67.151,7421749,62,13,1:19.396,222.585,1,perez,11,PER,Sergio,Pérez,1990-01-26,Mexican,http://en.wikipedia.org/wiki/Sergio_P%C3%A9rez,0.0,0.0,10.0
1054,2021,3,75,Portuguese Grand Prix,2021-05-02,14:00:00,http://en.wikipedia.org/wiki/2021_Portuguese_Grand_Prix,2021-04-30,\N,2021-04-30,\N,2021-05-01,\N,2021-05-01,\N,\N,\N,25009,815,9,11,4,4,4,4,12.0,66,+39.735,5711156,55,2,1:20.643,207.715,1,perez,11,PER,Sergio,Pérez,1990-01-26,Mexican,http://en.wikipedia.org/wiki/Sergio_P%C3%A9rez,0.0,12.0,22.0
1055,2021,4,4,Spanish Grand Prix,2021-05-09,13:00:00,http://en.wikipedia.org/wiki/2021_Spanish_Grand_Prix,2021-05-07,\N,2021-05-07,\N,2021-05-08,\N,2021-05-08,\N,\N,\N,25030,815,9,11,8,5,5,5,10.0,66,+1:03.671,5651351,60,3,1:19.483,211.743,1,perez,11,PER,Sergio,Pérez,1990-01-26,Mexican,http://en.wikipedia.org/wiki/Sergio_P%C3%A9rez,0.0,10.0,32.0
1056,2021,5,6,Monaco Grand Prix,2021-05-23,13:00:00,http://en.wikipedia.org/wiki/2021_Monaco_Grand_Prix,2021-05-21,\N,2021-05-21,\N,2021-05-22,\N,2021-05-22,\N,\N,\N,25049,815,9,11,9,4,4,4,12.0,78,+20.490,5957310,32,3,1:14.552,161.138,1,perez,11,PER,Sergio,Pérez,1990-01-26,Mexican,http://en.wikipedia.org/wiki/Sergio_P%C3%A9rez,0.0,12.0,44.0
1057,2021,6,73,Azerbaijan Grand Prix,2021-06-06,12:00:00,http://en.wikipedia.org/wiki/2021_Azerbaijan_Grand_Prix,2021-06-04,\N,2021-06-04,\N,2021-06-05,\N,2021-06-05,\N,\N,\N,25066,815,9,11,6,1,1,1,25.0,51,2:13:36.410,8016410,45,2,1:44.687,206.432,1,perez,11,PER,Sergio,Pérez,1990-01-26,Mexican,http://en.wikipedia.org/wiki/Sergio_P%C3%A9rez,0.0,25.0,69.0
1059,2021,7,34,French Grand Prix,2021-06-20,13:00:00,http://en.wikipedia.org/wiki/2021_French_Grand_Prix,2021-06-18,\N,2021-06-18,\N,2021-06-19,\N,2021-06-19,\N,\N,\N,25088,815,9,11,4,3,3,3,15.0,53,+8.811,5254581,53,2,1:36.693,217.504,1,perez,11,PER,Sergio,Pérez,1990-01-26,Mexican,http://en.wikipedia.org/wiki/Sergio_P%C3%A9rez,0.0,15.0,84.0
1058,2021,8,70,Styrian Grand Prix,2021-06-27,13:00:00,http://en.wikipedia.org/wiki/2021_Styrian_Grand_Prix,2021-06-25,\N,2021-06-25,\N,2021-06-26,\N,2021-06-26,\N,\N,\N,25109,815,9,11,4,4,4,4,12.0,71,+47.434,4986359,57,2,1:07.894,228.956,1,perez,11,PER,Sergio,Pérez,1990-01-26,Mexican,http://en.wikipedia.org/wiki/Sergio_P%C3%A9rez,0.0,12.0,96.0
1060,2021,9,70,Austrian Grand Prix,2021-07-04,13:00:00,http://en.wikipedia.org/wiki/2021_Austrian_Grand_Prix,2021-07-02,\N,2021-07-02,\N,2021-07-03,\N,2021-07-03,\N,\N,\N,25131,815,9,11,3,6,6,6,8.0,71,+57.915,5092458,55,5,1:08.192,227.956,1,perez,11,PER,Sergio,Pérez,1990-01-26,Mexican,http://en.wikipedia.org/wiki/Sergio_P%C3%A9rez,0.0,8.0,104.0
1061,2021,10,9,British Grand Prix,2021-07-18,14:00:00,http://en.wikipedia.org/wiki/2021_British_Grand_Prix,2021-07-16,\N,2021-07-17,\N,\N,\N,2021-07-16,\N,2021-07-17,\N,25161,815,9,11,0,16,16,16,0.0,51,\N,\N,50,1,1:28.617,239.317,11,perez,11,PER,Sergio,Pérez,1990-01-26,Mexican,http://en.wikipedia.org/wiki/Sergio_P%C3%A9rez,0.0,0.0,104.0
1062,2021,11,11,Hungarian Grand Prix,2021-08-01,13:00:00,http://en.wikipedia.org/wiki/2021_Hungarian_Grand_Prix,2021-07-30,\N,2021-07-30,\N,2021-07-31,\N,2021-07-31,\N,\N,\N,25182,815,9,11,4,\N,R,17,0.0,0,\N,\N,\N,0,\N,\N,4,perez,11,PER,Sergio,Pérez,1990-01-26,Mexican,http://en.wikipedia.org/wiki/Sergio_P%C3%A9rez,0.0,0.0,104.0
1063,2021,12,13,Belgian Grand Prix,2021-08-29,13:00:00,http://en.wikipedia.org/wiki/2021_Belgian_Grand_Prix,2021-08-27,\N,2021-08-27,\N,2021-08-28,\N,2021-08-28,\N,\N,\N,25204,815,9,11,0,19,19,19,0.0,1,+38.205,245276,\N,0,\N,\N,1,perez,11,PER,Sergio,Pérez,1990-01-26,Mexican,http://en.wikipedia.org/wiki/Sergio_P%C3%A9rez,0.0,0.0,104.0
1064,2021,13,39,Dutch Grand Prix,2021-09-05,13:00:00,http://en.wikipedia.org/wiki/2021_Dutch_Grand_Prix,2021-09-03,\N,2021-09-03,\N,2021-09-04,\N,2021-09-04,\N,\N,\N,25213,815,9,11,0,8,8,8,4.0,71,\N,\N,59,4,1:13.461,208.714,11,perez,11,PER,Sergio,Pérez,1990-01-26,Mexican,http://en.wikipedia.org/wiki/Sergio_P%C3%A9rez,0.0,4.0,108.0
1065,2021,14,14,Italian Grand Prix,2021-09-12,13:00:00,http://en.wikipedia.org/wiki/2021_Italian_Grand_Prix,2021-09-10,\N,2021-09-11,\N,\N,\N,2021-09-10,\N,2021-09-11,\N,25230,815,9,11,8,5,5,5,10.0,53,+8.723,4923088,53,4,1:25.156,244.901,1,perez,11,PER,Sergio,Pérez,1990-01-26,Mexican,http://en.wikipedia.org/wiki/Sergio_P%C3%A9rez,0.0,10.0,118.0
1066,2021,15,71,Russian Grand Prix,2021-09-26,12:00:00,http://en.wikipedia.org/wiki/2021_Russian_Grand_Prix,2021-09-24,\N,2021-09-24,\N,2021-09-25,\N,2021-09-25,\N,\N,\N,25254,815,9,11,8,9,9,9,2.0,53,+1:30.076,5531077,45,10,1:39.215,212.193,1,perez,11,PER,Sergio,Pérez,1990-01-26,Mexican,http://en.wikipedia.org/wiki/Sergio_P%C3%A9rez,0.0,2.0,120.0
1067,2021,16,5,Turkish Grand Prix,2021-10-10,12:00:00,http://en.wikipedia.org/wiki/2021_Turkish_Grand_Prix,2021-10-08,\N,2021-10-08,\N,2021-10-09,\N,2021-10-09,\N,\N,\N,25268,815,9,11,6,3,3,3,15.0,58,+33.471,5497574,53,4,1:32.459,207.841,1,perez,11,PER,Sergio,Pérez,1990-01-26,Mexican,http://en.wikipedia.org/wiki/Sergio_P%C3%A9rez,0.0,15.0,135.0
1069,2021,17,69,United States Grand Prix,2021-10-24,19:00:00,http://en.wikipedia.org/wiki/2021_United_States_Grand_Prix,2021-10-22,\N,2021-10-22,\N,2021-10-23,\N,2021-10-23,\N,\N,\N,25288,815,9,11,3,3,3,3,15.0,56,+42.223,5718775,32,4,1:39.566,199.333,1,perez,11,PER,Sergio,Pérez,1990-01-26,Mexican,http://en.wikipedia.org/wiki/Sergio_P%C3%A9rez,0.0,15.0,150.0
1070,2021,18,32,Mexico City Grand Prix,2021-11-07,19:00:00,http://en.wikipedia.org/wiki/2021_Mexican_Grand_Prix,2021-11-05,\N,2021-11-05,\N,2021-11-06,\N,2021-11-06,\N,\N,\N,25308,815,9,11,4,3,3,3,15.0,71,+17.752,5936838,49,3,1:19.468,194.976,1,perez,11,PER,Sergio,Pérez,1990-01-26,Mexican,http://en.wikipedia.org/wiki/Sergio_P%C3%A9rez,0.0,15.0,165.0
1071,2021,19,18,São Paulo Grand Prix,2021-11-14,17:00:00,http://en.wikipedia.org/wiki/2021_S%C3%A3o_Paulo_Grand_Prix,2021-11-12,\N,2021-11-13,\N,\N,\N,2021-11-12,\N,2021-11-13,\N,25329,815,9,11,4,4,4,4,13.0,71,+39.940,5582791,71,1,1:11.010,218.453,1,perez,11,PER,Sergio,Pérez,1990-01-26,Mexican,http://en.wikipedia.org/wiki/Sergio_P%C3%A9rez,0.0,13.0,178.0
1051,2021,20,78,Qatar Grand Prix,2021-11-21,14:00:00,http://en.wikipedia.org/wiki/2021_Qatar_Grand_Prix,2021-11-19,\N,2021-11-19,\N,2021-11-20,\N,2021-11-20,\N,\N,\N,25349,815,9,11,11,4,4,4,12.0,57,+1:02.306,5130777,49,3,1:25.613,226.227,1,perez,11,PER,Sergio,Pérez,1990-01-26,Mexican,http://en.wikipedia.org/wiki/Sergio_P%C3%A9rez,0.0,12.0,190.0
1072,2021,21,77,Saudi Arabian Grand Prix,2021-12-05,17:30:00,http://en.wikipedia.org/wiki/2021_Saudi_Arabian_Grand_Prix,2021-12-03,\N,2021-12-03,\N,2021-12-04,\N,2021-12-04,\N,\N,\N,25382,815,9,11,5,\N,R,17,0.0,14,\N,\N,9,17,1:34.138,236.104,4,perez,11,PER,Sergio,Pérez,1990-01-26,Mexican,http://en.wikipedia.org/wiki/Sergio_P%C3%A9rez,0.0,0.0,190.0
1073,2021,22,24,Abu Dhabi Grand Prix,2021-12-12,13:00:00,http://en.wikipedia.org/wiki/2021_Abu_Dhabi_Grand_Prix,2021-12-10,\N,2021-12-10,\N,2021-12-11,\N,2021-12-11,\N,\N,\N,25400,815,9,11,4,15,15,15,0.0,55,\N,\N,51,2,1:26.419,219.993,5,perez,11,PER,Sergio,Pérez,1990-01-26,Mexican,http://en.wikipedia.org/wiki/Sergio_P%C3%A9rez,0.0,0.0,190.0
1052,2021,1,3,Bahrain Grand Prix,2021-03-28,15:00:00,http://en.wikipedia.org/wiki/2021_Bahrain_Grand_Prix,2021-03-26,\N,2021-03-26,\N,2021-03-27,\N,2021-03-27,\N,\N,\N,24973,832,6,55,8,8,8,8,4.0,56,+67.100,5590997,48,7,1:34.509,206.151,1,sainz,55,SAI,Carlos,Sainz,1994-09-01,Spanish,http://en.wikipedia.org/wiki/Carlos_Sainz_Jr.,0.0,4.0,4.0
1053,2021,2,21,Emilia Romagna Grand Prix,2021-04-18,13:00:00,http://en.wikipedia.org/wiki/2021_Emilia_Romagna_Grand_Prix,2021-04-16,\N,2021-04-16,\N,2021-04-17,\N,2021-04-17,\N,\N,\N,24990,832,6,55,11,5,5,5,10.0,63,+27.036,7381634,60,7,1:18.490,225.154,1,sainz,55,SAI,Carlos,Sainz,1994-09-01,Spanish,http://en.wikipedia.org/wiki/Carlos_Sainz_Jr.,0.0,10.0,14.0
1054,2021,3,75,Portuguese Grand Prix,2021-05-02,14:00:00,http://en.wikipedia.org/wiki/2021_Portuguese_Grand_Prix,2021-04-30,\N,2021-04-30,\N,2021-05-01,\N,2021-05-01,\N,\N,\N,25016,832,6,55,5,11,11,11,0.0,66,+1:18.955,5750376,60,14,1:22.325,203.471,1,sainz,55,SAI,Carlos,Sainz,1994-09-01,Spanish,http://en.wikipedia.org/wiki/Carlos_Sainz_Jr.,0.0,0.0,14.0
1055,2021,4,4,Spanish Grand Prix,2021-05-09,13:00:00,http://en.wikipedia.org/wiki/2021_Spanish_Grand_Prix,2021-05-07,\N,2021-05-07,\N,2021-05-08,\N,2021-05-08,\N,\N,\N,25032,832,6,55,6,7,7,7,6.0,66,+1:14.670,5662350,53,9,1:21.568,206.330,1,sainz,55,SAI,Carlos,Sainz,1994-09-01,Spanish,http://en.wikipedia.org/wiki/Carlos_Sainz_Jr.,0.0,6.0,20.0
1056,2021,5,6,Monaco Grand Prix,2021-05-23,13:00:00,http://en.wikipedia.org/wiki/2021_Monaco_Grand_Prix,2021-05-21,\N,2021-05-21,\N,2021-05-22,\N,2021-05-22,\N,\N,\N,25047,832,6,55,4,2,2,2,18.0,78,+8.968,5945788,35,5,1:14.621,160.989,1,sainz,55,SAI,Carlos,Sainz,1994-09-01,Spanish,http://en.wikipedia.org/wiki/Carlos_Sainz_Jr.,0.0,18.0,38.0
1057,2021,6,73,Azerbaijan Grand Prix,2021-06-06,12:00:00,http://en.wikipedia.org/wiki/2021_Azerbaijan_Grand_Prix,2021-06-04,\N,2021-06-04,\N,2021-06-05,\N,2021-06-05,\N,\N,\N,25073,832,6,55,5,8,8,8,4.0,51,+7.709,8024119,42,13,1:45.700,204.454,1,sainz,55,SAI,Carlos,Sainz,1994-09-01,Spanish,http://en.wikipedia.org/wiki/Carlos_Sainz_Jr.,0.0,4.0,42.0
1059,2021,7,34,French Grand Prix,2021-06-20,13:00:00,http://en.wikipedia.org/wiki/2021_French_Grand_Prix,2021-06-18,\N,2021-06-18,\N,2021-06-19,\N,2021-06-19,\N,\N,\N,25096,832,6,55,5,11,11,11,0.0,53,+1:39.337,5345107,19,18,1:38.931,212.584,1,sainz,55,SAI,Carlos,Sainz,1994-09-01,Spanish,http://en.wikipedia.org/wiki/Carlos_Sainz_Jr.,0.0,0.0,42.0
1058,2021,8,70,Styrian Grand Prix,2021-06-27,13:00:00,http://en.wikipedia.org/wiki/2021_Styrian_Grand_Prix,2021-06-25,\N,2021-06-25,\N,2021-06-26,\N,2021-06-26,\N,\N,\N,25111,832,6,55,12,6,6,6,8.0,70,\N,\N,64,4,1:08.609,226.570,11,sainz,55,SAI,Carlos,Sainz,1994-09-01,Spanish,http://en.wikipedia.org/wiki/Carlos_Sainz_Jr.,0.0,8.0,50.0
1060,2021,9,70,Austrian Grand Prix,2021-07-04,13:00:00,http://en.wikipedia.org/wiki/2021_Austrian_Grand_Prix,2021-07-02,\N,2021-07-02,\N,2021-07-03,\N,2021-07-03,\N,\N,\N,25130,832,6,55,10,5,5,5,10.0,71,+57.144,5091687,70,2,1:07.762,229.402,1,sainz,55,SAI,Carlos,Sainz,1994-09-01,Spanish,http://en.wikipedia.org/wiki/Carlos_Sainz_Jr.,0.0,10.0,60.0
1061,2021,10,9,British Grand Prix,2021-07-18,14:00:00,http://en.wikipedia.org/wiki/2021_British_Grand_Prix,2021-07-16,\N,2021-07-17,\N,\N,\N,2021-07-16,\N,2021-07-17,\N,25151,832,6,55,10,6,6,6,8.0,52,+43.454,7146738,51,7,1:31.223,232.480,1,sainz,55,SAI,Carlos,Sainz,1994-09-01,Spanish,http://en.wikipedia.org/wiki/Carlos_Sainz_Jr.,0.0,8.0,68.0
1062,2021,11,11,Hungarian Grand Prix,2021-08-01,13:00:00,http://en.wikipedia.org/wiki/2021_Hungarian_Grand_Prix,2021-07-30,\N,2021-07-30,\N,2021-07-31,\N,2021-07-31,\N,\N,\N,25168,832,6,55,15,3,3,3,15.0,70,+15.018,7498217,54,6,1:21.423,193.699,1,sainz,55,SAI,Carlos,Sainz,1994-09-01,Spanish,http://en.wikipedia.org/wiki/Carlos_Sainz_Jr.,0.0,15.0,83.0
1063,2021,12,13,Belgian Grand Prix,2021-08-29,13:00:00,http://en.wikipedia.org/wiki/2021_Belgian_Grand_Prix,2021-08-27,\N,2021-08-27,\N,2021-08-28,\N,2021-08-28,\N,\N,\N,25195,832,6,55,11,10,10,10,0.5,1,+16.166,223237,\N,0,\N,\N,1,sainz,55,SAI,Carlos,Sainz,1994-09-01,Spanish,http://en.wikipedia.org/wiki/Carlos_Sainz_Jr.,0.0,0.5,83.5
1064,2021,13,39,Dutch Grand Prix,2021-09-05,13:00:00,http://en.wikipedia.org/wiki/2021_Dutch_Grand_Prix,2021-09-03,\N,2021-09-03,\N,2021-09-04,\N,2021-09-04,\N,\N,\N,25212,832,6,55,6,7,7,7,6.0,71,\N,\N,45,13,1:15.260,203.725,11,sainz,55,SAI,Carlos,Sainz,1994-09-01,Spanish,http://en.wikipedia.org/wiki/Carlos_Sainz_Jr.,0.0,6.0,89.5
1065,2021,14,14,Italian Grand Prix,2021-09-12,13:00:00,http://en.wikipedia.org/wiki/2021_Italian_Grand_Prix,2021-09-10,\N,2021-09-11,\N,\N,\N,2021-09-10,\N,2021-09-11,\N,25231,832,6,55,6,6,6,6,8.0,53,+10.535,4924900,53,8,1:25.559,243.747,1,sainz,55,SAI,Carlos,Sainz,1994-09-01,Spanish,http://en.wikipedia.org/wiki/Carlos_Sainz_Jr.,0.0,8.0,97.5
1066,2021,15,71,Russian Grand Prix,2021-09-26,12:00:00,http://en.wikipedia.org/wiki/2021_Russian_Grand_Prix,2021-09-24,\N,2021-09-24,\N,2021-09-25,\N,2021-09-25,\N,\N,\N,25248,832,6,55,2,3,3,3,15.0,53,+1:02.475,5503476,40,12,1:39.294,212.024,1,sainz,55,SAI,Carlos,Sainz,1994-09-01,Spanish,http://en.wikipedia.org/wiki/Carlos_Sainz_Jr.,0.0,15.0,112.5
1067,2021,16,5,Turkish Grand Prix,2021-10-10,12:00:00,http://en.wikipedia.org/wiki/2021_Turkish_Grand_Prix,2021-10-08,\N,2021-10-08,\N,2021-10-09,\N,2021-10-09,\N,\N,\N,25273,832,6,55,19,8,8,8,4.0,58,+51.526,5515629,49,2,1:31.921,209.057,1,sainz,55,SAI,Carlos,Sainz,1994-09-01,Spanish,http://en.wikipedia.org/wiki/Carlos_Sainz_Jr.,0.0,4.0,116.5
1069,2021,17,69,United States Grand Prix,2021-10-24,19:00:00,http://en.wikipedia.org/wiki/2021_United_States_Grand_Prix,2021-10-22,\N,2021-10-22,\N,2021-10-23,\N,2021-10-23,\N,\N,\N,25292,832,6,55,5,7,7,7,6.0,56,+1:23.545,5760097,40,9,1:40.377,197.722,1,sainz,55,SAI,Carlos,Sainz,1994-09-01,Spanish,http://en.wikipedia.org/wiki/Carlos_Sainz_Jr.,0.0,6.0,122.5
1070,2021,18,32,Mexico City Grand Prix,2021-11-07,19:00:00,http://en.wikipedia.org/wiki/2021_Mexican_Grand_Prix,2021-11-05,\N,2021-11-05,\N,2021-11-06,\N,2021-11-06,\N,\N,\N,25311,832,6,55,6,6,6,6,8.0,70,\N,\N,63,5,1:20.081,193.484,11,sainz,55,SAI,Carlos,Sainz,1994-09-01,Spanish,http://en.wikipedia.org/wiki/Carlos_Sainz_Jr.,0.0,8.0,130.5
1071,2021,19,18,São Paulo Grand Prix,2021-11-14,17:00:00,http://en.wikipedia.org/wiki/2021_S%C3%A3o_Paulo_Grand_Prix,2021-11-12,\N,2021-11-13,\N,\N,\N,2021-11-12,\N,2021-11-13,\N,25331,832,6,55,3,6,6,6,8.0,71,+51.820,5594671,63,6,1:12.710,213.346,1,sainz,55,SAI,Carlos,Sainz,1994-09-01,Spanish,http://en.wikipedia.org/wiki/Carlos_Sainz_Jr.,1.0,9.0,138.5
1051,2021,20,78,Qatar Grand Prix,2021-11-21,14:00:00,http://en.wikipedia.org/wiki/2021_Qatar_Grand_Prix,2021-11-19,\N,2021-11-19,\N,2021-11-20,\N,2021-11-20,\N,\N,\N,25352,832,6,55,5,7,7,7,6.0,57,+1:21.911,5150382,46,9,1:26.570,223.726,1,sainz,55,SAI,Carlos,Sainz,1994-09-01,Spanish,http://en.wikipedia.org/wiki/Carlos_Sainz_Jr.,0.0,6.0,144.5
1072,2021,21,77,Saudi Arabian Grand Prix,2021-12-05,17:30:00,http://en.wikipedia.org/wiki/2021_Saudi_Arabian_Grand_Prix,2021-12-03,\N,2021-12-03,\N,2021-12-04,\N,2021-12-04,\N,\N,\N,25373,832,6,55,15,8,8,8,4.0,50,+46.606,7621724,37,7,1:31.851,241.983,1,sainz,55,SAI,Carlos,Sainz,1994-09-01,Spanish,http://en.wikipedia.org/wiki/Carlos_Sainz_Jr.,0.0,4.0,148.5
1073,2021,22,24,Abu Dhabi Grand Prix,2021-12-12,13:00:00,http://en.wikipedia.org/wiki/2021_Abu_Dhabi_Grand_Prix,2021-12-10,\N,2021-12-10,\N,2021-12-11,\N,2021-12-11,\N,\N,\N,25388,832,6,55,5,3,3,3,15.0,58,+5.173,5422518,51,9,1:27.618,216.982,1,sainz,55,SAI,Carlos,Sainz,1994-09-01,Spanish,http://en.wikipedia.org/wiki/Carlos_Sainz_Jr.,0.0,15.0,163.5
1052,2021,1,3,Bahrain Grand Prix,2021-03-28,15:00:00,http://en.wikipedia.org/wiki/2021_Bahrain_Grand_Prix,2021-03-26,\N,2021-03-26,\N,2021-03-27,\N,2021-03-27,\N,\N,\N,24969,846,1,4,7,4,4,4,12.0,56,+46.466,5570363,38,6,1:34.396,206.398,1,norris,4,NOR,Lando,Norris,1999-11-13,British,http://en.wikipedia.org/wiki/Lando_Norris,0.0,12.0,12.0
1053,2021,2,21,Emilia Romagna Grand Prix,2021-04-18,13:00:00,http://en.wikipedia.org/wiki/2021_Emilia_Romagna_Grand_Prix,2021-04-16,\N,2021-04-16,\N,2021-04-17,\N,2021-04-17,\N,\N,\N,24988,846,1,4,7,3,3,3,15.0,63,+23.702,7378300,63,3,1:18.259,225.819,1,norris,4,NOR,Lando,Norris,1999-11-13,British,http://en.wikipedia.org/wiki/Lando_Norris,0.0,15.0,27.0
1054,2021,3,75,Portuguese Grand Prix,2021-05-02,14:00:00,http://en.wikipedia.org/wiki/2021_Portuguese_Grand_Prix,2021-04-30,\N,2021-04-30,\N,2021-05-01,\N,2021-05-01,\N,\N,\N,25010,846,1,4,7,5,5,5,10.0,66,+51.369,5722790,55,7,1:21.696,205.038,1,norris,4,NOR,Lando,Norris,1999-11-13,British,http://en.wikipedia.org/wiki/Lando_Norris,0.0,10.0,37.0
1055,2021,4,4,Spanish Grand Prix,2021-05-09,13:00:00,http://en.wikipedia.org/wiki/2021_Spanish_Grand_Prix,2021-05-07,\N,2021-05-07,\N,2021-05-08,\N,2021-05-08,\N,\N,\N,25033,846,1,4,9,8,8,8,4.0,65,\N,\N,56,7,1:21.279,207.064,11,norris,4,NOR,Lando,Norris,1999-11-13,British,http://en.wikipedia.org/wiki/Lando_Norris,0.0,4.0,41.0
1056,2021,5,6,Monaco Grand Prix,2021-05-23,13:00:00,http://en.wikipedia.org/wiki/2021_Monaco_Grand_Prix,2021-05-21,\N,2021-05-21,\N,2021-05-22,\N,2021-05-22,\N,\N,\N,25048,846,1,4,5,3,3,3,15.0,78,+19.427,5956247,76,7,1:14.670,160.883,1,norris,4,NOR,Lando,Norris,1999-11-13,British,http://en.wikipedia.org/wiki/Lando_Norris,0.0,15.0,56.0
1057,2021,6,73,Azerbaijan Grand Prix,2021-06-06,12:00:00,http://en.wikipedia.org/wiki/2021_Azerbaijan_Grand_Prix,2021-06-04,\N,2021-06-04,\N,2021-06-05,\N,2021-06-05,\N,\N,\N,25070,846,1,4,9,5,5,5,10.0,51,+4.754,8021164,41,7,1:45.326,205.180,1,norris,4,NOR,Lando,Norris,1999-11-13,British,http://en.wikipedia.org/wiki/Lando_Norris,0.0,10.0,66.0
1059,2021,7,34,French Grand Prix,2021-06-20,13:00:00,http://en.wikipedia.org/wiki/2021_French_Grand_Prix,2021-06-18,\N,2021-06-18,\N,2021-06-19,\N,2021-06-19,\N,\N,\N,25090,846,1,4,8,5,5,5,10.0,53,+1:04.032,5309802,52,6,1:37.425,215.870,1,norris,4,NOR,Lando,Norris,1999-11-13,British,http://en.wikipedia.org/wiki/Lando_Norris,0.0,10.0,76.0
1058,2021,8,70,Styrian Grand Prix,2021-06-27,13:00:00,http://en.wikipedia.org/wiki/2021_Styrian_Grand_Prix,2021-06-25,\N,2021-06-25,\N,2021-06-26,\N,2021-06-26,\N,\N,\N,25110,846,1,4,3,5,5,5,10.0,70,\N,\N,65,7,1:08.903,225.604,11,norris,4,NOR,Lando,Norris,1999-11-13,British,http://en.wikipedia.org/wiki/Lando_Norris,0.0,10.0,86.0
1060,2021,9,70,Austrian Grand Prix,2021-07-04,13:00:00,http://en.wikipedia.org/wiki/2021_Austrian_Grand_Prix,2021-07-02,\N,2021-07-02,\N,2021-07-03,\N,2021-07-03,\N,\N,\N,25128,846,1,4,2,3,3,3,15.0,71,+20.019,5054562,62,10,1:08.471,227.027,1,norris,4,NOR,Lando,Norris,1999-11-13,British,http://en.wikipedia.org/wiki/Lando_Norris,0.0,15.0,101.0
1061,2021,10,9,British Grand Prix,2021-07-18,14:00:00,http://en.wikipedia.org/wiki/2021_British_Grand_Prix,2021-07-16,\N,2021-07-17,\N,\N,\N,2021-07-16,\N,2021-07-17,\N,25149,846,1,4,5,4,4,4,12.0,52,+28.573,7131857,44,9,1:31.420,231.979,1,norris,4,NOR,Lando,Norris,1999-11-13,British,http://en.wikipedia.org/wiki/Lando_Norris,0.0,12.0,113.0
1062,2021,11,11,Hungarian Grand Prix,2021-08-01,13:00:00,http://en.wikipedia.org/wiki/2021_Hungarian_Grand_Prix,2021-07-30,\N,2021-07-30,\N,2021-07-31,\N,2021-07-31,\N,\N,\N,25180,846,1,4,6,\N,R,15,0.0,2,\N,\N,\N,0,\N,\N,4,norris,4,NOR,Lando,Norris,1999-11-13,British,http://en.wikipedia.org/wiki/Lando_Norris,0.0,0.0,113.0
1063,2021,12,13,Belgian Grand Prix,2021-08-29,13:00:00,http://en.wikipedia.org/wiki/2021_Belgian_Grand_Prix,2021-08-27,\N,2021-08-27,\N,2021-08-28,\N,2021-08-28,\N,\N,\N,25199,846,1,4,15,14,14,14,0.0,1,+27.110,234181,\N,0,\N,\N,1,norris,4,NOR,Lando,Norris,1999-11-13,British,http://en.wikipedia.org/wiki/Lando_Norris,0.0,0.0,113.0
1064,2021,13,39,Dutch Grand Prix,2021-09-05,13:00:00,http://en.wikipedia.org/wiki/2021_Dutch_Grand_Prix,2021-09-03,\N,2021-09-03,\N,2021-09-04,\N,2021-09-04,\N,\N,\N,25215,846,1,4,13,10,10,10,1.0,71,\N,\N,48,6,1:14.236,206.535,11,norris,4,NOR,Lando,Norris,1999-11-13,British,http://en.wikipedia.org/wiki/Lando_Norris,0.0,1.0,114.0
1065,2021,14,14,Italian Grand Prix,2021-09-12,13:00:00,http://en.wikipedia.org/wiki/2021_Italian_Grand_Prix,2021-09-10,\N,2021-09-11,\N,\N,\N,2021-09-10,\N,2021-09-11,\N,25227,846,1,4,3,2,2,2,18.0,53,+1.747,4916112,53,3,1:24.971,245.434,1,norris,4,NOR,Lando,Norris,1999-11-13,British,http://en.wikipedia.org/wiki/Lando_Norris,0.0,18.0,132.0
1066,2021,15,71,Russian Grand Prix,2021-09-26,12:00:00,http://en.wikipedia.org/wiki/2021_Russian_Grand_Prix,2021-09-24,\N,2021-09-24,\N,2021-09-25,\N,2021-09-25,\N,\N,\N,25252,846,1,4,1,7,7,7,7.0,53,+1:27.224,5528225,39,1,1:37.423,216.096,1,norris,4,NOR,Lando,Norris,1999-11-13,British,http://en.wikipedia.org/wiki/Lando_Norris,0.0,7.0,139.0
1067,2021,16,5,Turkish Grand Prix,2021-10-10,12:00:00,http://en.wikipedia.org/wiki/2021_Turkish_Grand_Prix,2021-10-08,\N,2021-10-08,\N,2021-10-09,\N,2021-10-09,\N,\N,\N,25272,846,1,4,7,7,7,7,6.0,58,+47.213,5511316,50,3,1:32.446,207.870,1,norris,4,NOR,Lando,Norris,1999-11-13,British,http://en.wikipedia.org/wiki/Lando_Norris,0.0,6.0,145.0
1069,2021,17,69,United States Grand Prix,2021-10-24,19:00:00,http://en.wikipedia.org/wiki/2021_United_States_Grand_Prix,2021-10-22,\N,2021-10-22,\N,2021-10-23,\N,2021-10-23,\N,\N,\N,25293,846,1,4,7,8,8,8,4.0,56,+1:24.395,5760947,41,7,1:40.228,198.016,1,norris,4,NOR,Lando,Norris,1999-11-13,British,http://en.wikipedia.org/wiki/Lando_Norris,0.0,4.0,149.0
1070,2021,18,32,Mexico City Grand Prix,2021-11-07,19:00:00,http://en.wikipedia.org/wiki/2021_Mexican_Grand_Prix,2021-11-05,\N,2021-11-05,\N,2021-11-06,\N,2021-11-06,\N,\N,\N,25315,846,1,4,18,10,10,10,1.0,70,\N,\N,67,8,1:20.617,192.197,11,norris,4,NOR,Lando,Norris,1999-11-13,British,http://en.wikipedia.org/wiki/Lando_Norris,0.0,1.0,150.0
1071,2021,19,18,São Paulo Grand Prix,2021-11-14,17:00:00,http://en.wikipedia.org/wiki/2021_S%C3%A3o_Paulo_Grand_Prix,2021-11-12,\N,2021-11-13,\N,\N,\N,2021-11-12,\N,2021-11-13,\N,25335,846,1,4,5,10,10,10,1.0,70,\N,\N,53,10,1:13.761,210.306,11,norris,4,NOR,Lando,Norris,1999-11-13,British,http://en.wikipedia.org/wiki/Lando_Norris,0.0,1.0,151.0
1051,2021,20,78,Qatar Grand Prix,2021-11-21,14:00:00,http://en.wikipedia.org/wiki/2021_Qatar_Grand_Prix,2021-11-19,\N,2021-11-19,\N,2021-11-20,\N,2021-11-20,\N,\N,\N,25354,846,1,4,4,9,9,9,2.0,56,\N,\N,51,4,1:25.746,225.876,11,norris,4,NOR,Lando,Norris,1999-11-13,British,http://en.wikipedia.org/wiki/Lando_Norris,0.0,2.0,153.0
1072,2021,21,77,Saudi Arabian Grand Prix,2021-12-05,17:30:00,http://en.wikipedia.org/wiki/2021_Saudi_Arabian_Grand_Prix,2021-12-03,\N,2021-12-03,\N,2021-12-04,\N,2021-12-04,\N,\N,\N,25375,846,1,4,7,10,10,10,1.0,50,+1:01.358,7636476,49,8,1:31.914,241.817,1,norris,4,NOR,Lando,Norris,1999-11-13,British,http://en.wikipedia.org/wiki/Lando_Norris,0.0,1.0,154.0
1073,2021,22,24,Abu Dhabi Grand Prix,2021-12-12,13:00:00,http://en.wikipedia.org/wiki/2021_Abu_Dhabi_Grand_Prix,2021-12-10,\N,2021-12-10,\N,2021-12-11,\N,2021-12-11,\N,\N,\N,25392,846,1,4,3,7,7,7,6.0,58,+59.200,5476545,58,4,1:26.762,219.123,1,norris,4,NOR,Lando,Norris,1999-11-13,British,http://en.wikipedia.org/wiki/Lando_Norris,0.0,6.0,160.0
1052,2021,1,3,Bahrain Grand Prix,2021-03-28,15:00:00,http://en.wikipedia.org/wiki/2021_Bahrain_Grand_Prix,2021-03-26,\N,2021-03-26,\N,2021-03-27,\N,2021-03-27,\N,\N,\N,24971,844,6,16,4,6,6,6,8.0,56,+59.090,5582987,39,11,1:34.988,205.112,1,leclerc,16,LEC,Charles,Leclerc,1997-10-16,Monegasque,http://en.wikipedia.org/wiki/Charles_Leclerc,0.0,8.0,8.0
1053,2021,2,21,Emilia Romagna Grand Prix,2021-04-18,13:00:00,http://en.wikipedia.org/wiki/2021_Emilia_Romagna_Grand_Prix,2021-04-16,\N,2021-04-16,\N,2021-04-17,\N,2021-04-17,\N,\N,\N,24989,844,6,16,4,4,4,4,12.0,63,+25.579,7380177,60,6,1:18.379,225.473,1,leclerc,16,LEC,Charles,Leclerc,1997-10-16,Monegasque,http://en.wikipedia.org/wiki/Charles_Leclerc,0.0,12.0,20.0
1054,2021,3,75,Portuguese Grand Prix,2021-05-02,14:00:00,http://en.wikipedia.org/wiki/2021_Portuguese_Grand_Prix,2021-04-30,\N,2021-04-30,\N,2021-05-01,\N,2021-05-01,\N,\N,\N,25011,844,6,16,8,6,6,6,8.0,66,+55.781,5727202,63,6,1:21.496,205.541,1,leclerc,16,LEC,Charles,Leclerc,1997-10-16,Monegasque,http://en.wikipedia.org/wiki/Charles_Leclerc,0.0,8.0,28.0
1055,2021,4,4,Spanish Grand Prix,2021-05-09,13:00:00,http://en.wikipedia.org/wiki/2021_Spanish_Grand_Prix,2021-05-07,\N,2021-05-07,\N,2021-05-08,\N,2021-05-08,\N,\N,\N,25029,844,6,16,4,4,4,4,12.0,66,+54.616,5642296,64,4,1:20.459,209.174,1,leclerc,16,LEC,Charles,Leclerc,1997-10-16,Monegasque,http://en.wikipedia.org/wiki/Charles_Leclerc,0.0,12.0,40.0
1056,2021,5,6,Monaco Grand Prix,2021-05-23,13:00:00,http://en.wikipedia.org/wiki/2021_Monaco_Grand_Prix,2021-05-21,\N,2021-05-21,\N,2021-05-22,\N,2021-05-22,\N,\N,\N,25065,844,6,16,1,\N,W,20,0.0,0,\N,\N,\N,0,\N,\N,30,leclerc,16,LEC,Charles,Leclerc,1997-10-16,Monegasque,http://en.wikipedia.org/wiki/Charles_Leclerc,0.0,0.0,40.0
1057,2021,6,73,Azerbaijan Grand Prix,2021-06-06,12:00:00,http://en.wikipedia.org/wiki/2021_Azerbaijan_Grand_Prix,2021-06-04,\N,2021-06-04,\N,2021-06-05,\N,2021-06-05,\N,\N,\N,25069,844,6,16,1,4,4,4,12.0,51,+3.828,8020238,46,8,1:45.382,205.071,1,leclerc,16,LEC,Charles,Leclerc,1997-10-16,Monegasque,http://en.wikipedia.org/wiki/Charles_Leclerc,0.0,12.0,52.0
1059,2021,7,34,French Grand Prix,2021-06-20,13:00:00,http://en.wikipedia.org/wiki/2021_French_Grand_Prix,2021-06-18,\N,2021-06-18,\N,2021-06-19,\N,2021-06-19,\N,\N,\N,25101,844,6,16,7,16,16,16,0.0,52,\N,\N,43,8,1:37.681,215.304,11,leclerc,16,LEC,Charles,Leclerc,1997-10-16,Monegasque,http://en.wikipedia.org/wiki/Charles_Leclerc,0.0,0.0,52.0
1058,2021,8,70,Styrian Grand Prix,2021-06-27,13:00:00,http://en.wikipedia.org/wiki/2021_Styrian_Grand_Prix,2021-06-25,\N,2021-06-25,\N,2021-06-26,\N,2021-06-26,\N,\N,\N,25112,844,6,16,7,7,7,7,6.0,70,\N,\N,64,6,1:08.738,226.145,11,leclerc,16,LEC,Charles,Leclerc,1997-10-16,Monegasque,http://en.wikipedia.org/wiki/Charles_Leclerc,0.0,6.0,58.0
1060,2021,9,70,Austrian Grand Prix,2021-07-04,13:00:00,http://en.wikipedia.org/wiki/2021_Austrian_Grand_Prix,2021-07-02,\N,2021-07-02,\N,2021-07-03,\N,2021-07-03,\N,\N,\N,25133,844,6,16,12,8,8,8,4.0,71,+1:01.195,5095738,55,13,1:08.698,226.277,1,leclerc,16,LEC,Charles,Leclerc,1997-10-16,Monegasque,http://en.wikipedia.org/wiki/Charles_Leclerc,0.0,4.0,62.0
1061,2021,10,9,British Grand Prix,2021-07-18,14:00:00,http://en.wikipedia.org/wiki/2021_British_Grand_Prix,2021-07-16,\N,2021-07-17,\N,\N,\N,2021-07-16,\N,2021-07-17,\N,25147,844,6,16,4,2,2,2,18.0,52,+3.871,7107155,45,5,1:30.569,234.159,1,leclerc,16,LEC,Charles,Leclerc,1997-10-16,Monegasque,http://en.wikipedia.org/wiki/Charles_Leclerc,0.0,18.0,80.0
1062,2021,11,11,Hungarian Grand Prix,2021-08-01,13:00:00,http://en.wikipedia.org/wiki/2021_Hungarian_Grand_Prix,2021-07-30,\N,2021-07-30,\N,2021-07-31,\N,2021-07-31,\N,\N,\N,25183,844,6,16,7,\N,R,18,0.0,0,\N,\N,\N,0,\N,\N,4,leclerc,16,LEC,Charles,Leclerc,1997-10-16,Monegasque,http://en.wikipedia.org/wiki/Charles_Leclerc,0.0,0.0,80.0
1063,2021,12,13,Belgian Grand Prix,2021-08-29,13:00:00,http://en.wikipedia.org/wiki/2021_Belgian_Grand_Prix,2021-08-27,\N,2021-08-27,\N,2021-08-28,\N,2021-08-28,\N,\N,\N,25193,844,6,16,9,8,8,8,2.0,1,+12.608,219679,\N,0,\N,\N,1,leclerc,16,LEC,Charles,Leclerc,1997-10-16,Monegasque,http://en.wikipedia.org/wiki/Charles_Leclerc,0.0,2.0,82.0
1064,2021,13,39,Dutch Grand Prix,2021-09-05,13:00:00,http://en.wikipedia.org/wiki/2021_Dutch_Grand_Prix,2021-09-03,\N,2021-09-03,\N,2021-09-04,\N,2021-09-04,\N,\N,\N,25210,844,6,16,5,5,5,5,10.0,71,\N,\N,58,9,1:14.780,205.033,11,leclerc,16,LEC,Charles,Leclerc,1997-10-16,Monegasque,http://en.wikipedia.org/wiki/Charles_Leclerc,0.0,10.0,92.0
1065,2021,14,14,Italian Grand Prix,2021-09-12,13:00:00,http://en.wikipedia.org/wiki/2021_Italian_Grand_Prix,2021-09-10,\N,2021-09-11,\N,\N,\N,2021-09-10,\N,2021-09-11,\N,25229,844,6,16,5,4,4,4,12.0,53,+7.309,4921674,53,6,1:25.319,244.433,1,leclerc,16,LEC,Charles,Leclerc,1997-10-16,Monegasque,http://en.wikipedia.org/wiki/Charles_Leclerc,0.0,12.0,104.0
1066,2021,15,71,Russian Grand Prix,2021-09-26,12:00:00,http://en.wikipedia.org/wiki/2021_Russian_Grand_Prix,2021-09-24,\N,2021-09-24,\N,2021-09-25,\N,2021-09-25,\N,\N,\N,25260,844,6,16,19,15,15,15,0.0,52,\N,\N,45,7,1:38.994,212.667,11,leclerc,16,LEC,Charles,Leclerc,1997-10-16,Monegasque,http://en.wikipedia.org/wiki/Charles_Leclerc,0.0,0.0,104.0
1067,2021,16,5,Turkish Grand Prix,2021-10-10,12:00:00,http://en.wikipedia.org/wiki/2021_Turkish_Grand_Prix,2021-10-08,\N,2021-10-08,\N,2021-10-09,\N,2021-10-09,\N,\N,\N,25269,844,6,16,3,4,4,4,12.0,58,+37.814,5501917,57,8,1:32.737,207.218,1,leclerc,16,LEC,Charles,Leclerc,1997-10-16,Monegasque,http://en.wikipedia.org/wiki/Charles_Leclerc,0.0,12.0,116.0
1069,2021,17,69,United States Grand Prix,2021-10-24,19:00:00,http://en.wikipedia.org/wiki/2021_United_States_Grand_Prix,2021-10-22,\N,2021-10-22,\N,2021-10-23,\N,2021-10-23,\N,\N,\N,25289,844,6,16,4,4,4,4,12.0,56,+52.246,5728798,41,3,1:39.303,199.861,1,leclerc,16,LEC,Charles,Leclerc,1997-10-16,Monegasque,http://en.wikipedia.org/wiki/Charles_Leclerc,0.0,12.0,128.0
1070,2021,18,32,Mexico City Grand Prix,2021-11-07,19:00:00,http://en.wikipedia.org/wiki/2021_Mexican_Grand_Prix,2021-11-05,\N,2021-11-05,\N,2021-11-06,\N,2021-11-06,\N,\N,\N,25310,844,6,16,8,5,5,5,10.0,71,+1:21.037,6000123,63,9,1:20.665,192.083,1,leclerc,16,LEC,Charles,Leclerc,1997-10-16,Monegasque,http://en.wikipedia.org/wiki/Charles_Leclerc,0.0,10.0,138.0
1071,2021,19,18,São Paulo Grand Prix,2021-11-14,17:00:00,http://en.wikipedia.org/wiki/2021_S%C3%A3o_Paulo_Grand_Prix,2021-11-12,\N,2021-11-13,\N,\N,\N,2021-11-12,\N,2021-11-13,\N,25330,844,6,16,6,5,5,5,10.0,71,+49.517,5592368,61,7,1:12.822,213.018,1,leclerc,16,LEC,Charles,Leclerc,1997-10-16,Monegasque,http://en.wikipedia.org/wiki/Charles_Leclerc,0.0,10.0,148.0
1051,2021,20,78,Qatar Grand Prix,2021-11-21,14:00:00,http://en.wikipedia.org/wiki/2021_Qatar_Grand_Prix,2021-11-19,\N,2021-11-19,\N,2021-11-20,\N,2021-11-20,\N,\N,\N,25353,844,6,16,13,8,8,8,4.0,57,+1:23.126,5151597,46,8,1:26.555,223.765,1,leclerc,16,LEC,Charles,Leclerc,1997-10-16,Monegasque,http://en.wikipedia.org/wiki/Charles_Leclerc,0.0,4.0,152.0
1072,2021,21,77,Saudi Arabian Grand Prix,2021-12-05,17:30:00,http://en.wikipedia.org/wiki/2021_Saudi_Arabian_Grand_Prix,2021-12-03,\N,2021-12-03,\N,2021-12-04,\N,2021-12-04,\N,\N,\N,25372,844,6,16,4,7,7,7,6.0,50,+44.475,7619593,46,4,1:31.601,242.643,1,leclerc,16,LEC,Charles,Leclerc,1997-10-16,Monegasque,http://en.wikipedia.org/wiki/Charles_Leclerc,0.0,6.0,158.0
1073,2021,22,24,Abu Dhabi Grand Prix,2021-12-12,13:00:00,http://en.wikipedia.org/wiki/2021_Abu_Dhabi_Grand_Prix,2021-12-10,\N,2021-12-10,\N,2021-12-11,\N,2021-12-11,\N,\N,\N,25395,844,6,16,7,10,10,10,1.0,58,+1:06.057,5483402,40,12,1:28.433,214.983,1,leclerc,16,LEC,Charles,Leclerc,1997-10-16,Monegasque,http://en.wikipedia.org/wiki/Charles_Leclerc,0.0,1.0,159.0
1052,2021,1,3,Bahrain Grand Prix,2021-03-28,15:00:00,http://en.wikipedia.org/wiki/2021_Bahrain_Grand_Prix,2021-03-26,\N,2021-03-26,\N,2021-03-27,\N,2021-03-27,\N,\N,\N,24972,817,1,3,6,7,7,7,6.0,56,+66.004,5589901,36,10,1:34.932,205.233,1,ricciardo,3,RIC,Daniel,Ricciardo,1989-07-01,Australian,http://en.wikipedia.org/wiki/Daniel_Ricciardo,0.0,6.0,6.0
1053,2021,2,21,Emilia Romagna Grand Prix,2021-04-18,13:00:00,http://en.wikipedia.org/wiki/2021_Emilia_Romagna_Grand_Prix,2021-04-16,\N,2021-04-16,\N,2021-04-17,\N,2021-04-17,\N,\N,\N,24991,817,1,3,6,6,6,6,8.0,63,+51.220,7405818,54,12,1:19.341,222.739,1,ricciardo,3,RIC,Daniel,Ricciardo,1989-07-01,Australian,http://en.wikipedia.org/wiki/Daniel_Ricciardo,0.0,8.0,14.0
1054,2021,3,75,Portuguese Grand Prix,2021-05-02,14:00:00,http://en.wikipedia.org/wiki/2021_Portuguese_Grand_Prix,2021-04-30,\N,2021-04-30,\N,2021-05-01,\N,2021-05-01,\N,\N,\N,25014,817,1,3,16,9,9,9,2.0,66,+1:15.369,5746790,64,10,1:21.987,204.310,1,ricciardo,3,RIC,Daniel,Ricciardo,1989-07-01,Australian,http://en.wikipedia.org/wiki/Daniel_Ricciardo,0.0,2.0,16.0
1055,2021,4,4,Spanish Grand Prix,2021-05-09,13:00:00,http://en.wikipedia.org/wiki/2021_Spanish_Grand_Prix,2021-05-07,\N,2021-05-07,\N,2021-05-08,\N,2021-05-08,\N,\N,\N,25031,817,1,3,7,6,6,6,8.0,66,+1:13.768,5661448,60,10,1:21.853,205.612,1,ricciardo,3,RIC,Daniel,Ricciardo,1989-07-01,Australian,http://en.wikipedia.org/wiki/Daniel_Ricciardo,0.0,8.0,24.0
1056,2021,5,6,Monaco Grand Prix,2021-05-23,13:00:00,http://en.wikipedia.org/wiki/2021_Monaco_Grand_Prix,2021-05-21,\N,2021-05-21,\N,2021-05-22,\N,2021-05-22,\N,\N,\N,25057,817,1,3,12,12,12,12,0.0,77,\N,\N,43,4,1:14.578,161.082,11,ricciardo,3,RIC,Daniel,Ricciardo,1989-07-01,Australian,http://en.wikipedia.org/wiki/Daniel_Ricciardo,0.0,0.0,24.0
1057,2021,6,73,Azerbaijan Grand Prix,2021-06-06,12:00:00,http://en.wikipedia.org/wiki/2021_Azerbaijan_Grand_Prix,2021-06-04,\N,2021-06-04,\N,2021-06-05,\N,2021-06-05,\N,\N,\N,25074,817,1,3,13,9,9,9,2.0,51,+8.874,8025284,43,14,1:45.713,204.428,1,ricciardo,3,RIC,Daniel,Ricciardo,1989-07-01,Australian,http://en.wikipedia.org/wiki/Daniel_Ricciardo,0.0,2.0,26.0
1059,2021,7,34,French Grand Prix,2021-06-20,13:00:00,http://en.wikipedia.org/wiki/2021_French_Grand_Prix,2021-06-18,\N,2021-06-18,\N,2021-06-19,\N,2021-06-19,\N,\N,\N,25091,817,1,3,10,6,6,6,8.0,53,+1:15.857,5321627,45,14,1:38.324,213.896,1,ricciardo,3,RIC,Daniel,Ricciardo,1989-07-01,Australian,http://en.wikipedia.org/wiki/Daniel_Ricciardo,0.0,8.0,34.0
1058,2021,8,70,Styrian Grand Prix,2021-06-27,13:00:00,http://en.wikipedia.org/wiki/2021_Styrian_Grand_Prix,2021-06-25,\N,2021-06-25,\N,2021-06-26,\N,2021-06-26,\N,\N,\N,25118,817,1,3,13,13,13,13,0.0,70,\N,\N,45,9,1:09.305,224.295,11,ricciardo,3,RIC,Daniel,Ricciardo,1989-07-01,Australian,http://en.wikipedia.org/wiki/Daniel_Ricciardo,0.0,0.0,34.0
1060,2021,9,70,Austrian Grand Prix,2021-07-04,13:00:00,http://en.wikipedia.org/wiki/2021_Austrian_Grand_Prix,2021-07-02,\N,2021-07-02,\N,2021-07-03,\N,2021-07-03,\N,\N,\N,25132,817,1,3,13,7,7,7,6.0,71,+1:00.395,5094938,56,14,1:08.820,225.876,1,ricciardo,3,RIC,Daniel,Ricciardo,1989-07-01,Australian,http://en.wikipedia.org/wiki/Daniel_Ricciardo,0.0,6.0,40.0
1061,2021,10,9,British Grand Prix,2021-07-18,14:00:00,http://en.wikipedia.org/wiki/2021_British_Grand_Prix,2021-07-16,\N,2021-07-17,\N,\N,\N,2021-07-16,\N,2021-07-17,\N,25150,817,1,3,6,5,5,5,10.0,52,+42.624,7145908,51,8,1:31.284,232.325,1,ricciardo,3,RIC,Daniel,Ricciardo,1989-07-01,Australian,http://en.wikipedia.org/wiki/Daniel_Ricciardo,0.0,10.0,50.0
1062,2021,11,11,Hungarian Grand Prix,2021-08-01,13:00:00,http://en.wikipedia.org/wiki/2021_Hungarian_Grand_Prix,2021-07-30,\N,2021-07-30,\N,2021-07-31,\N,2021-07-31,\N,\N,\N,25176,817,1,3,11,11,11,11,0.0,69,\N,\N,58,13,1:22.802,190.473,11,ricciardo,3,RIC,Daniel,Ricciardo,1989-07-01,Australian,http://en.wikipedia.org/wiki/Daniel_Ricciardo,0.0,0.0,50.0
1063,2021,12,13,Belgian Grand Prix,2021-08-29,13:00:00,http://en.wikipedia.org/wiki/2021_Belgian_Grand_Prix,2021-08-27,\N,2021-08-27,\N,2021-08-28,\N,2021-08-28,\N,\N,\N,25189,817,1,3,4,4,4,4,6.0,1,+4.496,211567,\N,0,\N,\N,1,ricciardo,3,RIC,Daniel,Ricciardo,1989-07-01,Australian,http://en.wikipedia.org/wiki/Daniel_Ricciardo,0.0,6.0,56.0
1064,2021,13,39,Dutch Grand Prix,2021-09-05,13:00:00,http://en.wikipedia.org/wiki/2021_Dutch_Grand_Prix,2021-09-03,\N,2021-09-03,\N,2021-09-04,\N,2021-09-04,\N,\N,\N,25216,817,1,3,10,11,11,11,0.0,71,\N,\N,59,11,1:14.920,204.650,11,ricciardo,3,RIC,Daniel,Ricciardo,1989-07-01,Australian,http://en.wikipedia.org/wiki/Daniel_Ricciardo,0.0,0.0,56.0
1065,2021,14,14,Italian Grand Prix,2021-09-12,13:00:00,http://en.wikipedia.org/wiki/2021_Italian_Grand_Prix,2021-09-10,\N,2021-09-11,\N,\N,\N,2021-09-10,\N,2021-09-11,\N,25226,817,1,3,2,1,1,1,26.0,53,1:21:54.365,4914365,53,1,1:24.812,245.894,1,ricciardo,3,RIC,Daniel,Ricciardo,1989-07-01,Australian,http://en.wikipedia.org/wiki/Daniel_Ricciardo,1.0,27.0,82.0
1066,2021,15,71,Russian Grand Prix,2021-09-26,12:00:00,http://en.wikipedia.org/wiki/2021_Russian_Grand_Prix,2021-09-24,\N,2021-09-24,\N,2021-09-25,\N,2021-09-25,\N,\N,\N,25249,817,1,3,5,4,4,4,12.0,53,+1:05.607,5506608,24,9,1:39.124,212.388,1,ricciardo,3,RIC,Daniel,Ricciardo,1989-07-01,Australian,http://en.wikipedia.org/wiki/Daniel_Ricciardo,0.0,12.0,94.0
1067,2021,16,5,Turkish Grand Prix,2021-10-10,12:00:00,http://en.wikipedia.org/wiki/2021_Turkish_Grand_Prix,2021-10-08,\N,2021-10-08,\N,2021-10-09,\N,2021-10-09,\N,\N,\N,25278,817,1,3,20,13,13,13,0.0,57,\N,\N,34,15,1:33.255,206.067,11,ricciardo,3,RIC,Daniel,Ricciardo,1989-07-01,Australian,http://en.wikipedia.org/wiki/Daniel_Ricciardo,0.0,0.0,94.0
1069,2021,17,69,United States Grand Prix,2021-10-24,19:00:00,http://en.wikipedia.org/wiki/2021_United_States_Grand_Prix,2021-10-22,\N,2021-10-22,\N,2021-10-23,\N,2021-10-23,\N,\N,\N,25290,817,1,3,6,5,5,5,10.0,56,+1:16.854,5753406,43,8,1:40.345,197.785,1,ricciardo,3,RIC,Daniel,Ricciardo,1989-07-01,Australian,http://en.wikipedia.org/wiki/Daniel_Ricciardo,0.0,10.0,104.0
1070,2021,18,32,Mexico City Grand Prix,2021-11-07,19:00:00,http://en.wikipedia.org/wiki/2021_Mexican_Grand_Prix,2021-11-05,\N,2021-11-05,\N,2021-11-06,\N,2021-11-06,\N,\N,\N,25317,817,1,3,7,12,12,12,0.0,70,\N,\N,40,13,1:21.069,191.126,11,ricciardo,3,RIC,Daniel,Ricciardo,1989-07-01,Australian,http://en.wikipedia.org/wiki/Daniel_Ricciardo,0.0,0.0,104.0
1071,2021,19,18,São Paulo Grand Prix,2021-11-14,17:00:00,http://en.wikipedia.org/wiki/2021_S%C3%A3o_Paulo_Grand_Prix,2021-11-12,\N,2021-11-13,\N,\N,\N,2021-11-12,\N,2021-11-13,\N,25344,817,1,3,11,\N,R,19,0.0,49,\N,\N,40,17,1:14.443,208.379,75,ricciardo,3,RIC,Daniel,Ricciardo,1989-07-01,Australian,http://en.wikipedia.org/wiki/Daniel_Ricciardo,0.0,0.0,104.0
1051,2021,20,78,Qatar Grand Prix,2021-11-21,14:00:00,http://en.wikipedia.org/wiki/2021_Qatar_Grand_Prix,2021-11-19,\N,2021-11-19,\N,2021-11-20,\N,2021-11-20,\N,\N,\N,25357,817,1,3,14,12,12,12,0.0,56,\N,\N,50,14,1:27.198,222.115,11,ricciardo,3,RIC,Daniel,Ricciardo,1989-07-01,Australian,http://en.wikipedia.org/wiki/Daniel_Ricciardo,0.0,0.0,104.0
1072,2021,21,77,Saudi Arabian Grand Prix,2021-12-05,17:30:00,http://en.wikipedia.org/wiki/2021_Saudi_Arabian_Grand_Prix,2021-12-03,\N,2021-12-03,\N,2021-12-04,\N,2021-12-04,\N,\N,\N,25370,817,1,3,11,5,5,5,10.0,50,+40.121,7615239,43,11,1:32.716,239.725,1,ricciardo,3,RIC,Daniel,Ricciardo,1989-07-01,Australian,http://en.wikipedia.org/wiki/Daniel_Ricciardo,0.0,10.0,114.0
1073,2021,22,24,Abu Dhabi Grand Prix,2021-12-12,13:00:00,http://en.wikipedia.org/wiki/2021_Abu_Dhabi_Grand_Prix,2021-12-10,\N,2021-12-10,\N,2021-12-11,\N,2021-12-11,\N,\N,\N,25397,817,1,3,10,12,12,12,0.0,57,\N,\N,48,14,1:28.723,214.280,11,ricciardo,3,RIC,Daniel,Ricciardo,1989-07-01,Australian,http://en.wikipedia.org/wiki/Daniel_Ricciardo,0.0,0.0,114.0
1052,2021,1,3,Bahrain Grand Prix,2021-03-28,15:00:00,http://en.wikipedia.org/wiki/2021_Bahrain_Grand_Prix,2021-03-26,\N,2021-03-26,\N,2021-03-27,\N,2021-03-27,\N,\N,\N,24982,842,213,10,5,17,17,17,0.0,52,\N,\N,48,5,1:34.090,207.069,31,gasly,10,GAS,Pierre,Gasly,1996-02-07,French,http://en.wikipedia.org/wiki/Pierre_Gasly,0.0,0.0,0.0
1053,2021,2,21,Emilia Romagna Grand Prix,2021-04-18,13:00:00,http://en.wikipedia.org/wiki/2021_Emilia_Romagna_Grand_Prix,2021-04-16,\N,2021-04-16,\N,2021-04-17,\N,2021-04-17,\N,\N,\N,24992,842,213,10,5,7,7,7,6.0,63,+52.818,7407416,52,9,1:18.994,223.718,1,gasly,10,GAS,Pierre,Gasly,1996-02-07,French,http://en.wikipedia.org/wiki/Pierre_Gasly,0.0,6.0,6.0
1054,2021,3,75,Portuguese Grand Prix,2021-05-02,14:00:00,http://en.wikipedia.org/wiki/2021_Portuguese_Grand_Prix,2021-04-30,\N,2021-04-30,\N,2021-05-01,\N,2021-05-01,\N,\N,\N,25015,842,213,10,9,10,10,10,1.0,66,+1:16.463,5747884,65,11,1:22.014,204.243,1,gasly,10,GAS,Pierre,Gasly,1996-02-07,French,http://en.wikipedia.org/wiki/Pierre_Gasly,0.0,1.0,7.0
1055,2021,4,4,Spanish Grand Prix,2021-05-09,13:00:00,http://en.wikipedia.org/wiki/2021_Spanish_Grand_Prix,2021-05-07,\N,2021-05-07,\N,2021-05-08,\N,2021-05-08,\N,\N,\N,25035,842,213,10,12,10,10,10,1.0,65,\N,\N,64,8,1:21.375,206.820,11,gasly,10,GAS,Pierre,Gasly,1996-02-07,French,http://en.wikipedia.org/wiki/Pierre_Gasly,0.0,1.0,8.0
1056,2021,5,6,Monaco Grand Prix,2021-05-23,13:00:00,http://en.wikipedia.org/wiki/2021_Monaco_Grand_Prix,2021-05-21,\N,2021-05-21,\N,2021-05-22,\N,2021-05-22,\N,\N,\N,25051,842,213,10,6,6,6,6,8.0,78,+53.896,5990716,71,14,1:15.412,159.300,1,gasly,10,GAS,Pierre,Gasly,1996-02-07,French,http://en.wikipedia.org/wiki/Pierre_Gasly,0.0,8.0,16.0
1057,2021,6,73,Azerbaijan Grand Prix,2021-06-06,12:00:00,http://en.wikipedia.org/wiki/2021_Azerbaijan_Grand_Prix,2021-06-04,\N,2021-06-04,\N,2021-06-05,\N,2021-06-05,\N,\N,\N,25068,842,213,10,4,3,3,3,15.0,51,+2.762,8019172,44,6,1:45.220,205.386,1,gasly,10,GAS,Pierre,Gasly,1996-02-07,French,http://en.wikipedia.org/wiki/Pierre_Gasly,0.0,15.0,31.0
1059,2021,7,34,French Grand Prix,2021-06-20,13:00:00,http://en.wikipedia.org/wiki/2021_French_Grand_Prix,2021-06-18,\N,2021-06-18,\N,2021-06-19,\N,2021-06-19,\N,\N,\N,25092,842,213,10,6,7,7,7,6.0,53,+1:16.596,5322366,44,11,1:38.103,214.378,1,gasly,10,GAS,Pierre,Gasly,1996-02-07,French,http://en.wikipedia.org/wiki/Pierre_Gasly,0.0,6.0,37.0
1058,2021,8,70,Styrian Grand Prix,2021-06-27,13:00:00,http://en.wikipedia.org/wiki/2021_Styrian_Grand_Prix,2021-06-25,\N,2021-06-25,\N,2021-06-26,\N,2021-06-26,\N,\N,\N,25125,842,213,10,6,\N,R,20,0.0,1,\N,\N,\N,0,\N,\N,4,gasly,10,GAS,Pierre,Gasly,1996-02-07,French,http://en.wikipedia.org/wiki/Pierre_Gasly,0.0,0.0,37.0
1060,2021,9,70,Austrian Grand Prix,2021-07-04,13:00:00,http://en.wikipedia.org/wiki/2021_Austrian_Grand_Prix,2021-07-02,\N,2021-07-02,\N,2021-07-03,\N,2021-07-03,\N,\N,\N,25134,842,213,10,6,9,9,9,2.0,71,+1:01.844,5096387,54,4,1:08.146,228.110,1,gasly,10,GAS,Pierre,Gasly,1996-02-07,French,http://en.wikipedia.org/wiki/Pierre_Gasly,0.0,2.0,39.0
1061,2021,10,9,British Grand Prix,2021-07-18,14:00:00,http://en.wikipedia.org/wiki/2021_British_Grand_Prix,2021-07-16,\N,2021-07-17,\N,\N,\N,2021-07-16,\N,2021-07-17,\N,25156,842,213,10,11,11,11,11,0.0,52,+1:25.327,7188611,52,3,1:30.266,234.945,1,gasly,10,GAS,Pierre,Gasly,1996-02-07,French,http://en.wikipedia.org/wiki/Pierre_Gasly,0.0,0.0,39.0
1062,2021,11,11,Hungarian Grand Prix,2021-08-01,13:00:00,http://en.wikipedia.org/wiki/2021_Hungarian_Grand_Prix,2021-07-30,\N,2021-07-30,\N,2021-07-31,\N,2021-07-31,\N,\N,\N,25170,842,213,10,5,5,5,5,11.0,70,+1:03.614,7546813,70,1,1:18.394,201.183,1,gasly,10,GAS,Pierre,Gasly,1996-02-07,French,http://en.wikipedia.org/wiki/Pierre_Gasly,0.0,11.0,50.0
1063,2021,12,13,Belgian Grand Prix,2021-08-29,13:00:00,http://en.wikipedia.org/wiki/2021_Belgian_Grand_Prix,2021-08-27,\N,2021-08-27,\N,2021-08-28,\N,2021-08-28,\N,\N,\N,25191,842,213,10,6,6,6,6,4.0,1,+10.177,217248,\N,0,\N,\N,1,gasly,10,GAS,Pierre,Gasly,1996-02-07,French,http://en.wikipedia.org/wiki/Pierre_Gasly,0.0,4.0,54.0
1064,2021,13,39,Dutch Grand Prix,2021-09-05,13:00:00,http://en.wikipedia.org/wiki/2021_Dutch_Grand_Prix,2021-09-03,\N,2021-09-03,\N,2021-09-04,\N,2021-09-04,\N,\N,\N,25209,842,213,10,4,4,4,4,12.0,71,\N,\N,57,10,1:14.818,204.929,11,gasly,10,GAS,Pierre,Gasly,1996-02-07,French,http://en.wikipedia.org/wiki/Pierre_Gasly,0.0,12.0,66.0
1065,2021,14,14,Italian Grand Prix,2021-09-12,13:00:00,http://en.wikipedia.org/wiki/2021_Italian_Grand_Prix,2021-09-10,\N,2021-09-11,\N,\N,\N,2021-09-10,\N,2021-09-11,\N,25244,842,213,10,0,\N,R,19,0.0,3,\N,\N,2,19,1:29.005,234.310,22,gasly,10,GAS,Pierre,Gasly,1996-02-07,French,http://en.wikipedia.org/wiki/Pierre_Gasly,0.0,0.0,66.0
1066,2021,15,71,Russian Grand Prix,2021-09-26,12:00:00,http://en.wikipedia.org/wiki/2021_Russian_Grand_Prix,2021-09-24,\N,2021-09-24,\N,2021-09-25,\N,2021-09-25,\N,\N,\N,25258,842,213,10,11,13,13,13,0.0,52,\N,\N,35,4,1:38.279,214.214,11,gasly,10,GAS,Pierre,Gasly,1996-02-07,French,http://en.wikipedia.org/wiki/Pierre_Gasly,0.0,0.0,66.0
1067,2021,16,5,Turkish Grand Prix,2021-10-10,12:00:00,http://en.wikipedia.org/wiki/2021_Turkish_Grand_Prix,2021-10-08,\N,2021-10-08,\N,2021-10-09,\N,2021-10-09,\N,\N,\N,25271,842,213,10,4,6,6,6,8.0,58,+44.292,5508395,50,11,1:32.814,207.046,1,gasly,10,GAS,Pierre,Gasly,1996-02-07,French,http://en.wikipedia.org/wiki/Pierre_Gasly,0.0,8.0,74.0
1069,2021,17,69,United States Grand Prix,2021-10-24,19:00:00,http://en.wikipedia.org/wiki/2021_United_States_Grand_Prix,2021-10-22,\N,2021-10-22,\N,2021-10-23,\N,2021-10-23,\N,\N,\N,25305,842,213,10,8,\N,R,20,0.0,14,\N,\N,12,18,1:42.015,194.547,22,gasly,10,GAS,Pierre,Gasly,1996-02-07,French,http://en.wikipedia.org/wiki/Pierre_Gasly,0.0,0.0,74.0
1070,2021,18,32,Mexico City Grand Prix,2021-11-07,19:00:00,http://en.wikipedia.org/wiki/2021_Mexican_Grand_Prix,2021-11-05,\N,2021-11-05,\N,2021-11-06,\N,2021-11-06,\N,\N,\N,25309,842,213,10,5,4,4,4,12.0,71,+1:03.845,5982931,66,7,1:20.510,192.453,1,gasly,10,GAS,Pierre,Gasly,1996-02-07,French,http://en.wikipedia.org/wiki/Pierre_Gasly,0.0,12.0,86.0
1071,2021,19,18,São Paulo Grand Prix,2021-11-14,17:00:00,http://en.wikipedia.org/wiki/2021_S%C3%A3o_Paulo_Grand_Prix,2021-11-12,\N,2021-11-13,\N,\N,\N,2021-11-12,\N,2021-11-13,\N,25332,842,213,10,7,7,7,7,6.0,70,\N,\N,53,8,1:13.227,211.839,11,gasly,10,GAS,Pierre,Gasly,1996-02-07,French,http://en.wikipedia.org/wiki/Pierre_Gasly,0.0,6.0,92.0
1051,2021,20,78,Qatar Grand Prix,2021-11-21,14:00:00,http://en.wikipedia.org/wiki/2021_Qatar_Grand_Prix,2021-11-19,\N,2021-11-19,\N,2021-11-20,\N,2021-11-20,\N,\N,\N,25356,842,213,10,2,11,11,11,0.0,56,\N,\N,46,11,1:27.019,222.572,11,gasly,10,GAS,Pierre,Gasly,1996-02-07,French,http://en.wikipedia.org/wiki/Pierre_Gasly,0.0,0.0,92.0
1072,2021,21,77,Saudi Arabian Grand Prix,2021-12-05,17:30:00,http://en.wikipedia.org/wiki/2021_Saudi_Arabian_Grand_Prix,2021-12-03,\N,2021-12-03,\N,2021-12-04,\N,2021-12-04,\N,\N,\N,25371,842,213,10,6,6,6,6,8.0,50,+41.613,7616731,46,9,1:32.297,240.813,1,gasly,10,GAS,Pierre,Gasly,1996-02-07,French,http://en.wikipedia.org/wiki/Pierre_Gasly,0.0,8.0,100.0
1073,2021,22,24,Abu Dhabi Grand Prix,2021-12-12,13:00:00,http://en.wikipedia.org/wiki/2021_Abu_Dhabi_Grand_Prix,2021-12-10,\N,2021-12-10,\N,2021-12-11,\N,2021-12-11,\N,\N,\N,25390,842,213,10,12,5,5,5,10.0,58,+6.531,5423876,49,6,1:27.342,217.668,1,gasly,10,GAS,Pierre,Gasly,1996-02-07,French,http://en.wikipedia.org/wiki/Pierre_Gasly,0.0,10.0,110.0
1052,2021,1,3,Bahrain Grand Prix,2021-03-28,15:00:00,http://en.wikipedia.org/wiki/2021_Bahrain_Grand_Prix,2021-03-26,\N,2021-03-26,\N,2021-03-27,\N,2021-03-27,\N,\N,\N,24984,4,214,14,9,\N,R,19,0.0,32,\N,\N,31,17,1:36.063,202.816,23,alonso,14,ALO,Fernando,Alonso,1981-07-29,Spanish,http://en.wikipedia.org/wiki/Fernando_Alonso,0.0,0.0,0.0
1053,2021,2,21,Emilia Romagna Grand Prix,2021-04-18,13:00:00,http://en.wikipedia.org/wiki/2021_Emilia_Romagna_Grand_Prix,2021-04-16,\N,2021-04-16,\N,2021-04-17,\N,2021-04-17,\N,\N,\N,24995,4,214,14,15,10,10,10,1.0,63,+66.561,7421159,62,14,1:19.417,222.526,1,alonso,14,ALO,Fernando,Alonso,1981-07-29,Spanish,http://en.wikipedia.org/wiki/Fernando_Alonso,0.0,1.0,1.0
1054,2021,3,75,Portuguese Grand Prix,2021-05-02,14:00:00,http://en.wikipedia.org/wiki/2021_Portuguese_Grand_Prix,2021-04-30,\N,2021-04-30,\N,2021-05-01,\N,2021-05-01,\N,\N,\N,25013,4,214,14,13,8,8,8,4.0,66,+1:04.808,5673229,66,5,1:21.032,206.718,1,alonso,14,ALO,Fernando,Alonso,1981-07-29,Spanish,http://en.wikipedia.org/wiki/Fernando_Alonso,0.0,4.0,5.0
1055,2021,4,4,Spanish Grand Prix,2021-05-09,13:00:00,http://en.wikipedia.org/wiki/2021_Spanish_Grand_Prix,2021-05-07,\N,2021-05-07,\N,2021-05-08,\N,2021-05-08,\N,\N,\N,25042,4,214,14,10,17,17,17,0.0,65,\N,\N,63,6,1:21.182,207.311,11,alonso,14,ALO,Fernando,Alonso,1981-07-29,Spanish,http://en.wikipedia.org/wiki/Fernando_Alonso,0.0,0.0,5.0
1056,2021,5,6,Monaco Grand Prix,2021-05-23,13:00:00,http://en.wikipedia.org/wiki/2021_Monaco_Grand_Prix,2021-05-21,\N,2021-05-21,\N,2021-05-22,\N,2021-05-22,\N,\N,\N,25058,4,214,14,17,13,13,13,0.0,77,\N,\N,70,10,1:15.026,160.120,11,alonso,14,ALO,Fernando,Alonso,1981-07-29,Spanish,http://en.wikipedia.org/wiki/Fernando_Alonso,0.0,0.0,5.0
1057,2021,6,73,Azerbaijan Grand Prix,2021-06-06,12:00:00,http://en.wikipedia.org/wiki/2021_Azerbaijan_Grand_Prix,2021-06-04,\N,2021-06-04,\N,2021-06-05,\N,2021-06-05,\N,\N,\N,25071,4,214,14,8,6,6,6,8.0,51,+6.382,8022792,42,11,1:45.624,204.601,1,alonso,14,ALO,Fernando,Alonso,1981-07-29,Spanish,http://en.wikipedia.org/wiki/Fernando_Alonso,0.0,8.0,13.0
1059,2021,7,34,French Grand Prix,2021-06-20,13:00:00,http://en.wikipedia.org/wiki/2021_French_Grand_Prix,2021-06-18,\N,2021-06-18,\N,2021-06-19,\N,2021-06-19,\N,\N,\N,25093,4,214,14,9,8,8,8,4.0,53,+1:17.695,5323465,44,7,1:37.646,215.382,1,alonso,14,ALO,Fernando,Alonso,1981-07-29,Spanish,http://en.wikipedia.org/wiki/Fernando_Alonso,0.0,4.0,17.0
1058,2021,8,70,Styrian Grand Prix,2021-06-27,13:00:00,http://en.wikipedia.org/wiki/2021_Styrian_Grand_Prix,2021-06-25,\N,2021-06-25,\N,2021-06-26,\N,2021-06-26,\N,\N,\N,25114,4,214,14,8,9,9,9,2.0,70,\N,\N,61,13,1:09.749,222.867,11,alonso,14,ALO,Fernando,Alonso,1981-07-29,Spanish,http://en.wikipedia.org/wiki/Fernando_Alonso,0.0,2.0,19.0
1060,2021,9,70,Austrian Grand Prix,2021-07-04,13:00:00,http://en.wikipedia.org/wiki/2021_Austrian_Grand_Prix,2021-07-02,\N,2021-07-02,\N,2021-07-03,\N,2021-07-03,\N,\N,\N,25135,4,214,14,14,10,10,10,1.0,70,\N,\N,70,7,1:08.405,227.246,11,alonso,14,ALO,Fernando,Alonso,1981-07-29,Spanish,http://en.wikipedia.org/wiki/Fernando_Alonso,0.0,1.0,20.0
1061,2021,10,9,British Grand Prix,2021-07-18,14:00:00,http://en.wikipedia.org/wiki/2021_British_Grand_Prix,2021-07-16,\N,2021-07-17,\N,\N,\N,2021-07-16,\N,2021-07-17,\N,25152,4,214,14,7,7,7,7,6.0,52,+1:12.093,7175377,48,10,1:31.698,231.276,1,alonso,14,ALO,Fernando,Alonso,1981-07-29,Spanish,http://en.wikipedia.org/wiki/Fernando_Alonso,0.0,6.0,26.0
1062,2021,11,11,Hungarian Grand Prix,2021-08-01,13:00:00,http://en.wikipedia.org/wiki/2021_Hungarian_Grand_Prix,2021-07-30,\N,2021-07-30,\N,2021-07-31,\N,2021-07-31,\N,\N,\N,25169,4,214,14,9,4,4,4,12.0,70,+15.651,7498850,41,3,1:20.359,196.264,1,alonso,14,ALO,Fernando,Alonso,1981-07-29,Spanish,http://en.wikipedia.org/wiki/Fernando_Alonso,0.0,12.0,38.0
1063,2021,12,13,Belgian Grand Prix,2021-08-29,13:00:00,http://en.wikipedia.org/wiki/2021_Belgian_Grand_Prix,2021-08-27,\N,2021-08-27,\N,2021-08-28,\N,2021-08-28,\N,\N,\N,25196,4,214,14,12,11,11,11,0.0,1,+20.590,227661,\N,0,\N,\N,1,alonso,14,ALO,Fernando,Alonso,1981-07-29,Spanish,http://en.wikipedia.org/wiki/Fernando_Alonso,0.0,0.0,38.0
1064,2021,13,39,Dutch Grand Prix,2021-09-05,13:00:00,http://en.wikipedia.org/wiki/2021_Dutch_Grand_Prix,2021-09-03,\N,2021-09-03,\N,2021-09-04,\N,2021-09-04,\N,\N,\N,25211,4,214,14,9,6,6,6,8.0,71,\N,\N,60,7,1:14.323,206.294,11,alonso,14,ALO,Fernando,Alonso,1981-07-29,Spanish,http://en.wikipedia.org/wiki/Fernando_Alonso,0.0,8.0,46.0
1065,2021,14,14,Italian Grand Prix,2021-09-12,13:00:00,http://en.wikipedia.org/wiki/2021_Italian_Grand_Prix,2021-09-10,\N,2021-09-11,\N,\N,\N,2021-09-10,\N,2021-09-11,\N,25233,4,214,14,10,8,8,8,4.0,53,+17.201,4931566,52,7,1:25.472,243.995,1,alonso,14,ALO,Fernando,Alonso,1981-07-29,Spanish,http://en.wikipedia.org/wiki/Fernando_Alonso,0.0,4.0,50.0
1066,2021,15,71,Russian Grand Prix,2021-09-26,12:00:00,http://en.wikipedia.org/wiki/2021_Russian_Grand_Prix,2021-09-24,\N,2021-09-24,\N,2021-09-25,\N,2021-09-25,\N,\N,\N,25251,4,214,14,6,6,6,6,8.0,53,+1:21.321,5522322,44,6,1:38.686,213.331,1,alonso,14,ALO,Fernando,Alonso,1981-07-29,Spanish,http://en.wikipedia.org/wiki/Fernando_Alonso,0.0,8.0,58.0
1067,2021,16,5,Turkish Grand Prix,2021-10-10,12:00:00,http://en.wikipedia.org/wiki/2021_Turkish_Grand_Prix,2021-10-08,\N,2021-10-08,\N,2021-10-09,\N,2021-10-09,\N,\N,\N,25281,4,214,14,5,16,16,16,0.0,57,\N,\N,55,14,1:33.252,206.073,11,alonso,14,ALO,Fernando,Alonso,1981-07-29,Spanish,http://en.wikipedia.org/wiki/Fernando_Alonso,0.0,0.0,58.0
1069,2021,17,69,United States Grand Prix,2021-10-24,19:00:00,http://en.wikipedia.org/wiki/2021_United_States_Grand_Prix,2021-10-22,\N,2021-10-22,\N,2021-10-23,\N,2021-10-23,\N,\N,\N,25303,4,214,14,19,\N,R,18,0.0,49,\N,\N,46,5,1:40.067,198.335,65,alonso,14,ALO,Fernando,Alonso,1981-07-29,Spanish,http://en.wikipedia.org/wiki/Fernando_Alonso,0.0,0.0,58.0
1070,2021,18,32,Mexico City Grand Prix,2021-11-07,19:00:00,http://en.wikipedia.org/wiki/2021_Mexican_Grand_Prix,2021-11-05,\N,2021-11-05,\N,2021-11-06,\N,2021-11-06,\N,\N,\N,25314,4,214,14,12,9,9,9,2.0,70,\N,\N,54,10,1:20.711,191.973,11,alonso,14,ALO,Fernando,Alonso,1981-07-29,Spanish,http://en.wikipedia.org/wiki/Fernando_Alonso,0.0,2.0,60.0
1071,2021,19,18,São Paulo Grand Prix,2021-11-14,17:00:00,http://en.wikipedia.org/wiki/2021_S%C3%A3o_Paulo_Grand_Prix,2021-11-12,\N,2021-11-13,\N,\N,\N,2021-11-12,\N,2021-11-13,\N,25334,4,214,14,12,9,9,9,2.0,70,\N,\N,37,12,1:13.922,209.848,11,alonso,14,ALO,Fernando,Alonso,1981-07-29,Spanish,http://en.wikipedia.org/wiki/Fernando_Alonso,0.0,2.0,62.0
1051,2021,20,78,Qatar Grand Prix,2021-11-21,14:00:00,http://en.wikipedia.org/wiki/2021_Qatar_Grand_Prix,2021-11-19,\N,2021-11-19,\N,2021-11-20,\N,2021-11-20,\N,\N,\N,25348,4,214,14,3,3,3,3,15.0,57,+59.457,5127928,48,10,1:26.682,223.437,1,alonso,14,ALO,Fernando,Alonso,1981-07-29,Spanish,http://en.wikipedia.org/wiki/Fernando_Alonso,0.0,15.0,77.0
1072,2021,21,77,Saudi Arabian Grand Prix,2021-12-05,17:30:00,http://en.wikipedia.org/wiki/2021_Saudi_Arabian_Grand_Prix,2021-12-03,\N,2021-12-03,\N,2021-12-04,\N,2021-12-04,\N,\N,\N,25378,4,214,14,13,13,13,13,0.0,49,\N,\N,46,5,1:31.633,242.558,11,alonso,14,ALO,Fernando,Alonso,1981-07-29,Spanish,http://en.wikipedia.org/wiki/Fernando_Alonso,0.0,0.0,77.0
1073,2021,22,24,Abu Dhabi Grand Prix,2021-12-12,13:00:00,http://en.wikipedia.org/wiki/2021_Abu_Dhabi_Grand_Prix,2021-12-10,\N,2021-12-10,\N,2021-12-11,\N,2021-12-11,\N,\N,\N,25393,4,214,14,11,8,8,8,4.0,58,+1:01.708,5479053,58,8,1:27.607,217.010,1,alonso,14,ALO,Fernando,Alonso,1981-07-29,Spanish,http://en.wikipedia.org/wiki/Fernando_Alonso,0.0,4.0,81.0
